"url","id","label_it","level","parent"
"https://w3id.org/italia/work-accident/controlled-vocabulary/proc17_radioactive_substances/sostanza_radioattiva/gruppo/I","I","Gruppo I - Nuclidi di radiotossicità molto elevata","1","nan"
"https://w3id.org/italia/work-accident/controlled-vocabulary/proc17_radioactive_substances/sostanza_radioattiva/gruppo/II","II","Gruppo II - Nuclidi di radiotossicità elevata","1","nan"
"https://w3id.org/italia/work-accident/controlled-vocabulary/proc17_radioactive_substances/sostanza_radioattiva/gruppo/III","III","Gruppo III - Nuclidi di radiotossicità moderata","1","nan"
"https://w3id.org/italia/work-accident/controlled-vocabulary/proc17_radioactive_substances/sostanza_radioattiva/gruppo/IV","IV","Gruppo IV - Nuclidi di radiotossicità debole","1","nan"
"https://w3id.org/italia/work-accident/controlled-vocabulary/proc17_radioactive_substances/sostanza_radioattiva/sostanza/A37","A37","Argon 37","2","https://w3id.org/italia/work-accident/controlled-vocabulary/proc17_radioactive_substances/sostanza_radioattiva/gruppo/IV"
"https://w3id.org/italia/work-accident/controlled-vocabulary/proc17_radioactive_substances/sostanza_radioattiva/sostanza/A41","A41","Argon 41","2","https://w3id.org/italia/work-accident/controlled-vocabulary/proc17_radioactive_substances/sostanza_radioattiva/gruppo/III"
"https://w3id.org/italia/work-accident/controlled-vocabulary/proc17_radioactive_substances/sostanza_radioattiva/sostanza/Ac227","Ac227","Attinio 227","2","https://w3id.org/italia/work-accident/controlled-vocabulary/proc17_radioactive_substances/sostanza_radioattiva/gruppo/I"
"https://w3id.org/italia/work-accident/controlled-vocabulary/proc17_radioactive_substances/sostanza_radioattiva/sostanza/Ac228","Ac228","Attinio 228","2","https://w3id.org/italia/work-accident/controlled-vocabulary/proc17_radioactive_substances/sostanza_radioattiva/gruppo/II"
"https://w3id.org/italia/work-accident/controlled-vocabulary/proc17_radioactive_substances/sostanza_radioattiva/sostanza/Ag105","Ag105","Argento 105","2","https://w3id.org/italia/work-accident/controlled-vocabulary/proc17_radioactive_substances/sostanza_radioattiva/gruppo/III"
"https://w3id.org/italia/work-accident/controlled-vocabulary/proc17_radioactive_substances/sostanza_radioattiva/sostanza/Ag110m","Ag110m","Argento 110m","2","https://w3id.org/italia/work-accident/controlled-vocabulary/proc17_radioactive_substances/sostanza_radioattiva/gruppo/II"
"https://w3id.org/italia/work-accident/controlled-vocabulary/proc17_radioactive_substances/sostanza_radioattiva/sostanza/Ag111","Ag111","Argento 111","2","https://w3id.org/italia/work-accident/controlled-vocabulary/proc17_radioactive_substances/sostanza_radioattiva/gruppo/III"
"https://w3id.org/italia/work-accident/controlled-vocabulary/proc17_radioactive_substances/sostanza_radioattiva/sostanza/Am241","Am241","Americio 241","2","https://w3id.org/italia/work-accident/controlled-vocabulary/proc17_radioactive_substances/sostanza_radioattiva/gruppo/I"
"https://w3id.org/italia/work-accident/controlled-vocabulary/proc17_radioactive_substances/sostanza_radioattiva/sostanza/Am242","Am242","Americio 242","2","https://w3id.org/italia/work-accident/controlled-vocabulary/proc17_radioactive_substances/sostanza_radioattiva/gruppo/II"
"https://w3id.org/italia/work-accident/controlled-vocabulary/proc17_radioactive_substances/sostanza_radioattiva/sostanza/Am242m","Am242m","Americio 242m","2","https://w3id.org/italia/work-accident/controlled-vocabulary/proc17_radioactive_substances/sostanza_radioattiva/gruppo/I"
"https://w3id.org/italia/work-accident/controlled-vocabulary/proc17_radioactive_substances/sostanza_radioattiva/sostanza/Am243","Am243","Americio 243","2","https://w3id.org/italia/work-accident/controlled-vocabulary/proc17_radioactive_substances/sostanza_radioattiva/gruppo/I"
"https://w3id.org/italia/work-accident/controlled-vocabulary/proc17_radioactive_substances/sostanza_radioattiva/sostanza/Am244","Am244","Americio 244","2","https://w3id.org/italia/work-accident/controlled-vocabulary/proc17_radioactive_substances/sostanza_radioattiva/gruppo/III"
"https://w3id.org/italia/work-accident/controlled-vocabulary/proc17_radioactive_substances/sostanza_radioattiva/sostanza/As73","As73","Arsenico 73","2","https://w3id.org/italia/work-accident/controlled-vocabulary/proc17_radioactive_substances/sostanza_radioattiva/gruppo/III"
"https://w3id.org/italia/work-accident/controlled-vocabulary/proc17_radioactive_substances/sostanza_radioattiva/sostanza/As74","As74","Arsenico 74","2","https://w3id.org/italia/work-accident/controlled-vocabulary/proc17_radioactive_substances/sostanza_radioattiva/gruppo/III"
"https://w3id.org/italia/work-accident/controlled-vocabulary/proc17_radioactive_substances/sostanza_radioattiva/sostanza/As76","As76","Arsenico 76","2","https://w3id.org/italia/work-accident/controlled-vocabulary/proc17_radioactive_substances/sostanza_radioattiva/gruppo/III"
"https://w3id.org/italia/work-accident/controlled-vocabulary/proc17_radioactive_substances/sostanza_radioattiva/sostanza/As77","As77","Arsenico 77","2","https://w3id.org/italia/work-accident/controlled-vocabulary/proc17_radioactive_substances/sostanza_radioattiva/gruppo/III"
"https://w3id.org/italia/work-accident/controlled-vocabulary/proc17_radioactive_substances/sostanza_radioattiva/sostanza/At211","At211","Astato 211","2","https://w3id.org/italia/work-accident/controlled-vocabulary/proc17_radioactive_substances/sostanza_radioattiva/gruppo/II"
"https://w3id.org/italia/work-accident/controlled-vocabulary/proc17_radioactive_substances/sostanza_radioattiva/sostanza/Au196","Au196","Oro 196","2","https://w3id.org/italia/work-accident/controlled-vocabulary/proc17_radioactive_substances/sostanza_radioattiva/gruppo/III"
"https://w3id.org/italia/work-accident/controlled-vocabulary/proc17_radioactive_substances/sostanza_radioattiva/sostanza/Au198","Au198","Oro 198","2","https://w3id.org/italia/work-accident/controlled-vocabulary/proc17_radioactive_substances/sostanza_radioattiva/gruppo/III"
"https://w3id.org/italia/work-accident/controlled-vocabulary/proc17_radioactive_substances/sostanza_radioattiva/sostanza/Au199","Au199","Oro 199","2","https://w3id.org/italia/work-accident/controlled-vocabulary/proc17_radioactive_substances/sostanza_radioattiva/gruppo/III"
"https://w3id.org/italia/work-accident/controlled-vocabulary/proc17_radioactive_substances/sostanza_radioattiva/sostanza/Ba131","Ba131","Bario 131","2","https://w3id.org/italia/work-accident/controlled-vocabulary/proc17_radioactive_substances/sostanza_radioattiva/gruppo/III"
"https://w3id.org/italia/work-accident/controlled-vocabulary/proc17_radioactive_substances/sostanza_radioattiva/sostanza/Ba140","Ba140","Bario 140","2","https://w3id.org/italia/work-accident/controlled-vocabulary/proc17_radioactive_substances/sostanza_radioattiva/gruppo/II"
"https://w3id.org/italia/work-accident/controlled-vocabulary/proc17_radioactive_substances/sostanza_radioattiva/sostanza/Be7","Be7","Berillio 7","2","https://w3id.org/italia/work-accident/controlled-vocabulary/proc17_radioactive_substances/sostanza_radioattiva/gruppo/III"
"https://w3id.org/italia/work-accident/controlled-vocabulary/proc17_radioactive_substances/sostanza_radioattiva/sostanza/Bi206","Bi206","Bismuto 206","2","https://w3id.org/italia/work-accident/controlled-vocabulary/proc17_radioactive_substances/sostanza_radioattiva/gruppo/III"
"https://w3id.org/italia/work-accident/controlled-vocabulary/proc17_radioactive_substances/sostanza_radioattiva/sostanza/Bi207","Bi207","Bismuto 207","2","https://w3id.org/italia/work-accident/controlled-vocabulary/proc17_radioactive_substances/sostanza_radioattiva/gruppo/II"
"https://w3id.org/italia/work-accident/controlled-vocabulary/proc17_radioactive_substances/sostanza_radioattiva/sostanza/Bi210","Bi210","Bismuto 210","2","https://w3id.org/italia/work-accident/controlled-vocabulary/proc17_radioactive_substances/sostanza_radioattiva/gruppo/II"
"https://w3id.org/italia/work-accident/controlled-vocabulary/proc17_radioactive_substances/sostanza_radioattiva/sostanza/Bi212","Bi212","Bismuto 212","2","https://w3id.org/italia/work-accident/controlled-vocabulary/proc17_radioactive_substances/sostanza_radioattiva/gruppo/III"
"https://w3id.org/italia/work-accident/controlled-vocabulary/proc17_radioactive_substances/sostanza_radioattiva/sostanza/Bk249","Bk249","Berchelio 249","2","https://w3id.org/italia/work-accident/controlled-vocabulary/proc17_radioactive_substances/sostanza_radioattiva/gruppo/II"
"https://w3id.org/italia/work-accident/controlled-vocabulary/proc17_radioactive_substances/sostanza_radioattiva/sostanza/Bk250","Bk250","Berchelio 250","2","https://w3id.org/italia/work-accident/controlled-vocabulary/proc17_radioactive_substances/sostanza_radioattiva/gruppo/III"
"https://w3id.org/italia/work-accident/controlled-vocabulary/proc17_radioactive_substances/sostanza_radioattiva/sostanza/Br82","Br82","Bromo 82","2","https://w3id.org/italia/work-accident/controlled-vocabulary/proc17_radioactive_substances/sostanza_radioattiva/gruppo/III"
"https://w3id.org/italia/work-accident/controlled-vocabulary/proc17_radioactive_substances/sostanza_radioattiva/sostanza/C14","C14","Carbonio 14","2","https://w3id.org/italia/work-accident/controlled-vocabulary/proc17_radioactive_substances/sostanza_radioattiva/gruppo/III"
"https://w3id.org/italia/work-accident/controlled-vocabulary/proc17_radioactive_substances/sostanza_radioattiva/sostanza/Ca45","Ca45","Calcio 45","2","https://w3id.org/italia/work-accident/controlled-vocabulary/proc17_radioactive_substances/sostanza_radioattiva/gruppo/II"
"https://w3id.org/italia/work-accident/controlled-vocabulary/proc17_radioactive_substances/sostanza_radioattiva/sostanza/Ca47","Ca47","Calcio 47","2","https://w3id.org/italia/work-accident/controlled-vocabulary/proc17_radioactive_substances/sostanza_radioattiva/gruppo/III"
"https://w3id.org/italia/work-accident/controlled-vocabulary/proc17_radioactive_substances/sostanza_radioattiva/sostanza/Cd109","Cd109","Cadmio 109","2","https://w3id.org/italia/work-accident/controlled-vocabulary/proc17_radioactive_substances/sostanza_radioattiva/gruppo/III"
"https://w3id.org/italia/work-accident/controlled-vocabulary/proc17_radioactive_substances/sostanza_radioattiva/sostanza/Cd115","Cd115","Cadmio 115","2","https://w3id.org/italia/work-accident/controlled-vocabulary/proc17_radioactive_substances/sostanza_radioattiva/gruppo/III"
"https://w3id.org/italia/work-accident/controlled-vocabulary/proc17_radioactive_substances/sostanza_radioattiva/sostanza/Cd115m","Cd115m","Cadmio 115m","2","https://w3id.org/italia/work-accident/controlled-vocabulary/proc17_radioactive_substances/sostanza_radioattiva/gruppo/II"
"https://w3id.org/italia/work-accident/controlled-vocabulary/proc17_radioactive_substances/sostanza_radioattiva/sostanza/Ce141","Ce141","Cerio 141","2","https://w3id.org/italia/work-accident/controlled-vocabulary/proc17_radioactive_substances/sostanza_radioattiva/gruppo/III"
"https://w3id.org/italia/work-accident/controlled-vocabulary/proc17_radioactive_substances/sostanza_radioattiva/sostanza/Ce143","Ce143","Cerio 143","2","https://w3id.org/italia/work-accident/controlled-vocabulary/proc17_radioactive_substances/sostanza_radioattiva/gruppo/III"
"https://w3id.org/italia/work-accident/controlled-vocabulary/proc17_radioactive_substances/sostanza_radioattiva/sostanza/Ce144","Ce144","Cerio 144","2","https://w3id.org/italia/work-accident/controlled-vocabulary/proc17_radioactive_substances/sostanza_radioattiva/gruppo/II"
"https://w3id.org/italia/work-accident/controlled-vocabulary/proc17_radioactive_substances/sostanza_radioattiva/sostanza/Cf249","Cf249","Californio 249","2","https://w3id.org/italia/work-accident/controlled-vocabulary/proc17_radioactive_substances/sostanza_radioattiva/gruppo/I"
"https://w3id.org/italia/work-accident/controlled-vocabulary/proc17_radioactive_substances/sostanza_radioattiva/sostanza/Cf250","Cf250","Californio 250","2","https://w3id.org/italia/work-accident/controlled-vocabulary/proc17_radioactive_substances/sostanza_radioattiva/gruppo/I"
"https://w3id.org/italia/work-accident/controlled-vocabulary/proc17_radioactive_substances/sostanza_radioattiva/sostanza/Cf251","Cf251","Californio 251","2","https://w3id.org/italia/work-accident/controlled-vocabulary/proc17_radioactive_substances/sostanza_radioattiva/gruppo/I"
"https://w3id.org/italia/work-accident/controlled-vocabulary/proc17_radioactive_substances/sostanza_radioattiva/sostanza/Cf252","Cf252","Californio 252","2","https://w3id.org/italia/work-accident/controlled-vocabulary/proc17_radioactive_substances/sostanza_radioattiva/gruppo/I"
"https://w3id.org/italia/work-accident/controlled-vocabulary/proc17_radioactive_substances/sostanza_radioattiva/sostanza/Cf253","Cf253","Californio 253","2","https://w3id.org/italia/work-accident/controlled-vocabulary/proc17_radioactive_substances/sostanza_radioattiva/gruppo/II"
"https://w3id.org/italia/work-accident/controlled-vocabulary/proc17_radioactive_substances/sostanza_radioattiva/sostanza/Cf254","Cf254","Californio 254","2","https://w3id.org/italia/work-accident/controlled-vocabulary/proc17_radioactive_substances/sostanza_radioattiva/gruppo/I"
"https://w3id.org/italia/work-accident/controlled-vocabulary/proc17_radioactive_substances/sostanza_radioattiva/sostanza/Cl36","Cl36","Cloro 36","2","https://w3id.org/italia/work-accident/controlled-vocabulary/proc17_radioactive_substances/sostanza_radioattiva/gruppo/II"
"https://w3id.org/italia/work-accident/controlled-vocabulary/proc17_radioactive_substances/sostanza_radioattiva/sostanza/Cl38","Cl38","Cloro 38","2","https://w3id.org/italia/work-accident/controlled-vocabulary/proc17_radioactive_substances/sostanza_radioattiva/gruppo/III"
"https://w3id.org/italia/work-accident/controlled-vocabulary/proc17_radioactive_substances/sostanza_radioattiva/sostanza/Cm242","Cm242","Curio 242","2","https://w3id.org/italia/work-accident/controlled-vocabulary/proc17_radioactive_substances/sostanza_radioattiva/gruppo/I"
"https://w3id.org/italia/work-accident/controlled-vocabulary/proc17_radioactive_substances/sostanza_radioattiva/sostanza/Cm243","Cm243","Curio 243","2","https://w3id.org/italia/work-accident/controlled-vocabulary/proc17_radioactive_substances/sostanza_radioattiva/gruppo/I"
"https://w3id.org/italia/work-accident/controlled-vocabulary/proc17_radioactive_substances/sostanza_radioattiva/sostanza/Cm244","Cm244","Curio 244","2","https://w3id.org/italia/work-accident/controlled-vocabulary/proc17_radioactive_substances/sostanza_radioattiva/gruppo/I"
"https://w3id.org/italia/work-accident/controlled-vocabulary/proc17_radioactive_substances/sostanza_radioattiva/sostanza/Cm245","Cm245","Curio 245","2","https://w3id.org/italia/work-accident/controlled-vocabulary/proc17_radioactive_substances/sostanza_radioattiva/gruppo/I"
"https://w3id.org/italia/work-accident/controlled-vocabulary/proc17_radioactive_substances/sostanza_radioattiva/sostanza/Cm246","Cm246","Curio 246","2","https://w3id.org/italia/work-accident/controlled-vocabulary/proc17_radioactive_substances/sostanza_radioattiva/gruppo/I"
"https://w3id.org/italia/work-accident/controlled-vocabulary/proc17_radioactive_substances/sostanza_radioattiva/sostanza/Cm247","Cm247","Curio 247","2","https://w3id.org/italia/work-accident/controlled-vocabulary/proc17_radioactive_substances/sostanza_radioattiva/gruppo/II"
"https://w3id.org/italia/work-accident/controlled-vocabulary/proc17_radioactive_substances/sostanza_radioattiva/sostanza/Cm248","Cm248","Curio 248","2","https://w3id.org/italia/work-accident/controlled-vocabulary/proc17_radioactive_substances/sostanza_radioattiva/gruppo/I"
"https://w3id.org/italia/work-accident/controlled-vocabulary/proc17_radioactive_substances/sostanza_radioattiva/sostanza/Cm249","Cm249","Curio 249","2","https://w3id.org/italia/work-accident/controlled-vocabulary/proc17_radioactive_substances/sostanza_radioattiva/gruppo/IV"
"https://w3id.org/italia/work-accident/controlled-vocabulary/proc17_radioactive_substances/sostanza_radioattiva/sostanza/Co56","Co56","Cobalto 56","2","https://w3id.org/italia/work-accident/controlled-vocabulary/proc17_radioactive_substances/sostanza_radioattiva/gruppo/II"
"https://w3id.org/italia/work-accident/controlled-vocabulary/proc17_radioactive_substances/sostanza_radioattiva/sostanza/Co57","Co57","Cobalto 57","2","https://w3id.org/italia/work-accident/controlled-vocabulary/proc17_radioactive_substances/sostanza_radioattiva/gruppo/III"
"https://w3id.org/italia/work-accident/controlled-vocabulary/proc17_radioactive_substances/sostanza_radioattiva/sostanza/Co58","Co58","Cobalto 58","2","https://w3id.org/italia/work-accident/controlled-vocabulary/proc17_radioactive_substances/sostanza_radioattiva/gruppo/III"
"https://w3id.org/italia/work-accident/controlled-vocabulary/proc17_radioactive_substances/sostanza_radioattiva/sostanza/Co58m","Co58m","Cobalto 58m","2","https://w3id.org/italia/work-accident/controlled-vocabulary/proc17_radioactive_substances/sostanza_radioattiva/gruppo/IV"
"https://w3id.org/italia/work-accident/controlled-vocabulary/proc17_radioactive_substances/sostanza_radioattiva/sostanza/Co60","Co60","Cobalto 60","2","https://w3id.org/italia/work-accident/controlled-vocabulary/proc17_radioactive_substances/sostanza_radioattiva/gruppo/II"
"https://w3id.org/italia/work-accident/controlled-vocabulary/proc17_radioactive_substances/sostanza_radioattiva/sostanza/Cr51","Cr51","Cromo 51","2","https://w3id.org/italia/work-accident/controlled-vocabulary/proc17_radioactive_substances/sostanza_radioattiva/gruppo/III"
"https://w3id.org/italia/work-accident/controlled-vocabulary/proc17_radioactive_substances/sostanza_radioattiva/sostanza/Cs131","Cs131","Cesio 131","2","https://w3id.org/italia/work-accident/controlled-vocabulary/proc17_radioactive_substances/sostanza_radioattiva/gruppo/III"
"https://w3id.org/italia/work-accident/controlled-vocabulary/proc17_radioactive_substances/sostanza_radioattiva/sostanza/Cs134","Cs134","Cesio 134","2","https://w3id.org/italia/work-accident/controlled-vocabulary/proc17_radioactive_substances/sostanza_radioattiva/gruppo/II"
"https://w3id.org/italia/work-accident/controlled-vocabulary/proc17_radioactive_substances/sostanza_radioattiva/sostanza/Cs134m","Cs134m","Cesio 134m","2","https://w3id.org/italia/work-accident/controlled-vocabulary/proc17_radioactive_substances/sostanza_radioattiva/gruppo/IV"
"https://w3id.org/italia/work-accident/controlled-vocabulary/proc17_radioactive_substances/sostanza_radioattiva/sostanza/Cs135","Cs135","Cesio 135","2","https://w3id.org/italia/work-accident/controlled-vocabulary/proc17_radioactive_substances/sostanza_radioattiva/gruppo/IV"
"https://w3id.org/italia/work-accident/controlled-vocabulary/proc17_radioactive_substances/sostanza_radioattiva/sostanza/Cs136","Cs136","Cesio 136","2","https://w3id.org/italia/work-accident/controlled-vocabulary/proc17_radioactive_substances/sostanza_radioattiva/gruppo/III"
"https://w3id.org/italia/work-accident/controlled-vocabulary/proc17_radioactive_substances/sostanza_radioattiva/sostanza/Cs137","Cs137","Cesio 137","2","https://w3id.org/italia/work-accident/controlled-vocabulary/proc17_radioactive_substances/sostanza_radioattiva/gruppo/II"
"https://w3id.org/italia/work-accident/controlled-vocabulary/proc17_radioactive_substances/sostanza_radioattiva/sostanza/Cu64","Cu64","Rame 64","2","https://w3id.org/italia/work-accident/controlled-vocabulary/proc17_radioactive_substances/sostanza_radioattiva/gruppo/III"
"https://w3id.org/italia/work-accident/controlled-vocabulary/proc17_radioactive_substances/sostanza_radioattiva/sostanza/Dy165","Dy165","Disprosio 165","2","https://w3id.org/italia/work-accident/controlled-vocabulary/proc17_radioactive_substances/sostanza_radioattiva/gruppo/III"
"https://w3id.org/italia/work-accident/controlled-vocabulary/proc17_radioactive_substances/sostanza_radioattiva/sostanza/Dy166","Dy166","Disprosio 166","2","https://w3id.org/italia/work-accident/controlled-vocabulary/proc17_radioactive_substances/sostanza_radioattiva/gruppo/III"
"https://w3id.org/italia/work-accident/controlled-vocabulary/proc17_radioactive_substances/sostanza_radioattiva/sostanza/Er169","Er169","Erbio 169","2","https://w3id.org/italia/work-accident/controlled-vocabulary/proc17_radioactive_substances/sostanza_radioattiva/gruppo/III"
"https://w3id.org/italia/work-accident/controlled-vocabulary/proc17_radioactive_substances/sostanza_radioattiva/sostanza/Er171","Er171","Erbio 171","2","https://w3id.org/italia/work-accident/controlled-vocabulary/proc17_radioactive_substances/sostanza_radioattiva/gruppo/III"
"https://w3id.org/italia/work-accident/controlled-vocabulary/proc17_radioactive_substances/sostanza_radioattiva/sostanza/Es253","Es253","Einstenio 253","2","https://w3id.org/italia/work-accident/controlled-vocabulary/proc17_radioactive_substances/sostanza_radioattiva/gruppo/II"
"https://w3id.org/italia/work-accident/controlled-vocabulary/proc17_radioactive_substances/sostanza_radioattiva/sostanza/Es254","Es254","Einstenio 254","2","https://w3id.org/italia/work-accident/controlled-vocabulary/proc17_radioactive_substances/sostanza_radioattiva/gruppo/I"
"https://w3id.org/italia/work-accident/controlled-vocabulary/proc17_radioactive_substances/sostanza_radioattiva/sostanza/Es254m","Es254m","Einstenio 254m","2","https://w3id.org/italia/work-accident/controlled-vocabulary/proc17_radioactive_substances/sostanza_radioattiva/gruppo/II"
"https://w3id.org/italia/work-accident/controlled-vocabulary/proc17_radioactive_substances/sostanza_radioattiva/sostanza/Es255","Es255","Einstenio 255","2","https://w3id.org/italia/work-accident/controlled-vocabulary/proc17_radioactive_substances/sostanza_radioattiva/gruppo/I"
"https://w3id.org/italia/work-accident/controlled-vocabulary/proc17_radioactive_substances/sostanza_radioattiva/sostanza/Eu154","Eu154","Europio 154","2","https://w3id.org/italia/work-accident/controlled-vocabulary/proc17_radioactive_substances/sostanza_radioattiva/gruppo/II"
"https://w3id.org/italia/work-accident/controlled-vocabulary/proc17_radioactive_substances/sostanza_radioattiva/sostanza/Eu155","Eu155","Europio 155","2","https://w3id.org/italia/work-accident/controlled-vocabulary/proc17_radioactive_substances/sostanza_radioattiva/gruppo/III"
"https://w3id.org/italia/work-accident/controlled-vocabulary/proc17_radioactive_substances/sostanza_radioattiva/sostanza/F18","F18","Fluoro 18","2","https://w3id.org/italia/work-accident/controlled-vocabulary/proc17_radioactive_substances/sostanza_radioattiva/gruppo/III"
"https://w3id.org/italia/work-accident/controlled-vocabulary/proc17_radioactive_substances/sostanza_radioattiva/sostanza/Fe52","Fe52","Ferro 52","2","https://w3id.org/italia/work-accident/controlled-vocabulary/proc17_radioactive_substances/sostanza_radioattiva/gruppo/III"
"https://w3id.org/italia/work-accident/controlled-vocabulary/proc17_radioactive_substances/sostanza_radioattiva/sostanza/Fe55","Fe55","Ferro 55","2","https://w3id.org/italia/work-accident/controlled-vocabulary/proc17_radioactive_substances/sostanza_radioattiva/gruppo/III"
"https://w3id.org/italia/work-accident/controlled-vocabulary/proc17_radioactive_substances/sostanza_radioattiva/sostanza/Fe59","Fe59","Ferro 59","2","https://w3id.org/italia/work-accident/controlled-vocabulary/proc17_radioactive_substances/sostanza_radioattiva/gruppo/III"
"https://w3id.org/italia/work-accident/controlled-vocabulary/proc17_radioactive_substances/sostanza_radioattiva/sostanza/Fm254","Fm254","Fermio 254","2","https://w3id.org/italia/work-accident/controlled-vocabulary/proc17_radioactive_substances/sostanza_radioattiva/gruppo/III"
"https://w3id.org/italia/work-accident/controlled-vocabulary/proc17_radioactive_substances/sostanza_radioattiva/sostanza/Fm255","Fm255","Fermio 255","2","https://w3id.org/italia/work-accident/controlled-vocabulary/proc17_radioactive_substances/sostanza_radioattiva/gruppo/II"
"https://w3id.org/italia/work-accident/controlled-vocabulary/proc17_radioactive_substances/sostanza_radioattiva/sostanza/Fm256","Fm256","Fermio 256","2","https://w3id.org/italia/work-accident/controlled-vocabulary/proc17_radioactive_substances/sostanza_radioattiva/gruppo/II"
"https://w3id.org/italia/work-accident/controlled-vocabulary/proc17_radioactive_substances/sostanza_radioattiva/sostanza/Ga72","Ga72","Gallio 72","2","https://w3id.org/italia/work-accident/controlled-vocabulary/proc17_radioactive_substances/sostanza_radioattiva/gruppo/III"
"https://w3id.org/italia/work-accident/controlled-vocabulary/proc17_radioactive_substances/sostanza_radioattiva/sostanza/Gd153","Gd153","Gadolinio 153","2","https://w3id.org/italia/work-accident/controlled-vocabulary/proc17_radioactive_substances/sostanza_radioattiva/gruppo/III"
"https://w3id.org/italia/work-accident/controlled-vocabulary/proc17_radioactive_substances/sostanza_radioattiva/sostanza/Gd159","Gd159","Gadolinio 159","2","https://w3id.org/italia/work-accident/controlled-vocabulary/proc17_radioactive_substances/sostanza_radioattiva/gruppo/III"
"https://w3id.org/italia/work-accident/controlled-vocabulary/proc17_radioactive_substances/sostanza_radioattiva/sostanza/Ge71","Ge71","Germanio 71","2","https://w3id.org/italia/work-accident/controlled-vocabulary/proc17_radioactive_substances/sostanza_radioattiva/gruppo/IV"
"https://w3id.org/italia/work-accident/controlled-vocabulary/proc17_radioactive_substances/sostanza_radioattiva/sostanza/H3","H3","Idrogeno 3","2","https://w3id.org/italia/work-accident/controlled-vocabulary/proc17_radioactive_substances/sostanza_radioattiva/gruppo/IV"
"https://w3id.org/italia/work-accident/controlled-vocabulary/proc17_radioactive_substances/sostanza_radioattiva/sostanza/Hf181","Hf181","Afnio 181","2","https://w3id.org/italia/work-accident/controlled-vocabulary/proc17_radioactive_substances/sostanza_radioattiva/gruppo/II"
"https://w3id.org/italia/work-accident/controlled-vocabulary/proc17_radioactive_substances/sostanza_radioattiva/sostanza/Hg197","Hg197","Mercurio 197","2","https://w3id.org/italia/work-accident/controlled-vocabulary/proc17_radioactive_substances/sostanza_radioattiva/gruppo/III"
"https://w3id.org/italia/work-accident/controlled-vocabulary/proc17_radioactive_substances/sostanza_radioattiva/sostanza/Hg203","Hg203","Mercurio 203","2","https://w3id.org/italia/work-accident/controlled-vocabulary/proc17_radioactive_substances/sostanza_radioattiva/gruppo/III"
"https://w3id.org/italia/work-accident/controlled-vocabulary/proc17_radioactive_substances/sostanza_radioattiva/sostanza/Ho166","Ho166","Olmio 166","2","https://w3id.org/italia/work-accident/controlled-vocabulary/proc17_radioactive_substances/sostanza_radioattiva/gruppo/III"
"https://w3id.org/italia/work-accident/controlled-vocabulary/proc17_radioactive_substances/sostanza_radioattiva/sostanza/I124","I124","Iodio 124","2","https://w3id.org/italia/work-accident/controlled-vocabulary/proc17_radioactive_substances/sostanza_radioattiva/gruppo/II"
"https://w3id.org/italia/work-accident/controlled-vocabulary/proc17_radioactive_substances/sostanza_radioattiva/sostanza/I126","I126","Iodio 126","2","https://w3id.org/italia/work-accident/controlled-vocabulary/proc17_radioactive_substances/sostanza_radioattiva/gruppo/II"
"https://w3id.org/italia/work-accident/controlled-vocabulary/proc17_radioactive_substances/sostanza_radioattiva/sostanza/I129","I129","Iodio 129","2","https://w3id.org/italia/work-accident/controlled-vocabulary/proc17_radioactive_substances/sostanza_radioattiva/gruppo/IV"
"https://w3id.org/italia/work-accident/controlled-vocabulary/proc17_radioactive_substances/sostanza_radioattiva/sostanza/I130","I130","Iodio 130","2","https://w3id.org/italia/work-accident/controlled-vocabulary/proc17_radioactive_substances/sostanza_radioattiva/gruppo/III"
"https://w3id.org/italia/work-accident/controlled-vocabulary/proc17_radioactive_substances/sostanza_radioattiva/sostanza/I131","I131","Iodio 131","2","https://w3id.org/italia/work-accident/controlled-vocabulary/proc17_radioactive_substances/sostanza_radioattiva/gruppo/II"
"https://w3id.org/italia/work-accident/controlled-vocabulary/proc17_radioactive_substances/sostanza_radioattiva/sostanza/I132","I132","Iodio 132","2","https://w3id.org/italia/work-accident/controlled-vocabulary/proc17_radioactive_substances/sostanza_radioattiva/gruppo/III"
"https://w3id.org/italia/work-accident/controlled-vocabulary/proc17_radioactive_substances/sostanza_radioattiva/sostanza/I133","I133","Iodio 133","2","https://w3id.org/italia/work-accident/controlled-vocabulary/proc17_radioactive_substances/sostanza_radioattiva/gruppo/II"
"https://w3id.org/italia/work-accident/controlled-vocabulary/proc17_radioactive_substances/sostanza_radioattiva/sostanza/I134","I134","Iodio 134","2","https://w3id.org/italia/work-accident/controlled-vocabulary/proc17_radioactive_substances/sostanza_radioattiva/gruppo/III"
"https://w3id.org/italia/work-accident/controlled-vocabulary/proc17_radioactive_substances/sostanza_radioattiva/sostanza/I135","I135","Iodio 135","2","https://w3id.org/italia/work-accident/controlled-vocabulary/proc17_radioactive_substances/sostanza_radioattiva/gruppo/III"
"https://w3id.org/italia/work-accident/controlled-vocabulary/proc17_radioactive_substances/sostanza_radioattiva/sostanza/In113m","In113m","Indio 113m","2","https://w3id.org/italia/work-accident/controlled-vocabulary/proc17_radioactive_substances/sostanza_radioattiva/gruppo/IV"
"https://w3id.org/italia/work-accident/controlled-vocabulary/proc17_radioactive_substances/sostanza_radioattiva/sostanza/In114m","In114m","Indio 114m","2","https://w3id.org/italia/work-accident/controlled-vocabulary/proc17_radioactive_substances/sostanza_radioattiva/gruppo/II"
"https://w3id.org/italia/work-accident/controlled-vocabulary/proc17_radioactive_substances/sostanza_radioattiva/sostanza/In115","In115","Indio 115","2","https://w3id.org/italia/work-accident/controlled-vocabulary/proc17_radioactive_substances/sostanza_radioattiva/gruppo/IV"
"https://w3id.org/italia/work-accident/controlled-vocabulary/proc17_radioactive_substances/sostanza_radioattiva/sostanza/In115m","In115m","Indio 115m","2","https://w3id.org/italia/work-accident/controlled-vocabulary/proc17_radioactive_substances/sostanza_radioattiva/gruppo/III"
"https://w3id.org/italia/work-accident/controlled-vocabulary/proc17_radioactive_substances/sostanza_radioattiva/sostanza/Ir190","Ir190","Iridio190","2","https://w3id.org/italia/work-accident/controlled-vocabulary/proc17_radioactive_substances/sostanza_radioattiva/gruppo/III"
"https://w3id.org/italia/work-accident/controlled-vocabulary/proc17_radioactive_substances/sostanza_radioattiva/sostanza/Ir192","Ir192","Iridio 192","2","https://w3id.org/italia/work-accident/controlled-vocabulary/proc17_radioactive_substances/sostanza_radioattiva/gruppo/II"
"https://w3id.org/italia/work-accident/controlled-vocabulary/proc17_radioactive_substances/sostanza_radioattiva/sostanza/Ir194","Ir194","Iridio 194","2","https://w3id.org/italia/work-accident/controlled-vocabulary/proc17_radioactive_substances/sostanza_radioattiva/gruppo/III"
"https://w3id.org/italia/work-accident/controlled-vocabulary/proc17_radioactive_substances/sostanza_radioattiva/sostanza/K42","K42","Potassio 42","2","https://w3id.org/italia/work-accident/controlled-vocabulary/proc17_radioactive_substances/sostanza_radioattiva/gruppo/III"
"https://w3id.org/italia/work-accident/controlled-vocabulary/proc17_radioactive_substances/sostanza_radioattiva/sostanza/K43","K43","Potassio 43","2","https://w3id.org/italia/work-accident/controlled-vocabulary/proc17_radioactive_substances/sostanza_radioattiva/gruppo/III"
"https://w3id.org/italia/work-accident/controlled-vocabulary/proc17_radioactive_substances/sostanza_radioattiva/sostanza/Kr85","Kr85","Cripton 85","2","https://w3id.org/italia/work-accident/controlled-vocabulary/proc17_radioactive_substances/sostanza_radioattiva/gruppo/IV"
"https://w3id.org/italia/work-accident/controlled-vocabulary/proc17_radioactive_substances/sostanza_radioattiva/sostanza/Kr85m","Kr85m","Cripton 85m","2","https://w3id.org/italia/work-accident/controlled-vocabulary/proc17_radioactive_substances/sostanza_radioattiva/gruppo/III"
"https://w3id.org/italia/work-accident/controlled-vocabulary/proc17_radioactive_substances/sostanza_radioattiva/sostanza/Kr87","Kr87","Cripton 87","2","https://w3id.org/italia/work-accident/controlled-vocabulary/proc17_radioactive_substances/sostanza_radioattiva/gruppo/III"
"https://w3id.org/italia/work-accident/controlled-vocabulary/proc17_radioactive_substances/sostanza_radioattiva/sostanza/La140","La140","Lantanio 140","2","https://w3id.org/italia/work-accident/controlled-vocabulary/proc17_radioactive_substances/sostanza_radioattiva/gruppo/III"
"https://w3id.org/italia/work-accident/controlled-vocabulary/proc17_radioactive_substances/sostanza_radioattiva/sostanza/Lu177","Lu177","Lutezio 177","2","https://w3id.org/italia/work-accident/controlled-vocabulary/proc17_radioactive_substances/sostanza_radioattiva/gruppo/III"
"https://w3id.org/italia/work-accident/controlled-vocabulary/proc17_radioactive_substances/sostanza_radioattiva/sostanza/Mn52","Mn52","Manganese 52","2","https://w3id.org/italia/work-accident/controlled-vocabulary/proc17_radioactive_substances/sostanza_radioattiva/gruppo/III"
"https://w3id.org/italia/work-accident/controlled-vocabulary/proc17_radioactive_substances/sostanza_radioattiva/sostanza/Mn54","Mn54","Manganese 54","2","https://w3id.org/italia/work-accident/controlled-vocabulary/proc17_radioactive_substances/sostanza_radioattiva/gruppo/II"
"https://w3id.org/italia/work-accident/controlled-vocabulary/proc17_radioactive_substances/sostanza_radioattiva/sostanza/Mo99","Mo99","Molibdeno 99","2","https://w3id.org/italia/work-accident/controlled-vocabulary/proc17_radioactive_substances/sostanza_radioattiva/gruppo/III"
"https://w3id.org/italia/work-accident/controlled-vocabulary/proc17_radioactive_substances/sostanza_radioattiva/sostanza/Na22","Na22","Sodio 22","2","https://w3id.org/italia/work-accident/controlled-vocabulary/proc17_radioactive_substances/sostanza_radioattiva/gruppo/II"
"https://w3id.org/italia/work-accident/controlled-vocabulary/proc17_radioactive_substances/sostanza_radioattiva/sostanza/Na24","Na24","Sodio 24","2","https://w3id.org/italia/work-accident/controlled-vocabulary/proc17_radioactive_substances/sostanza_radioattiva/gruppo/III"
"https://w3id.org/italia/work-accident/controlled-vocabulary/proc17_radioactive_substances/sostanza_radioattiva/sostanza/Nb93m","Nb93m","Niobio 93m","2","https://w3id.org/italia/work-accident/controlled-vocabulary/proc17_radioactive_substances/sostanza_radioattiva/gruppo/III"
"https://w3id.org/italia/work-accident/controlled-vocabulary/proc17_radioactive_substances/sostanza_radioattiva/sostanza/Nb95","Nb95","Niobio 95","2","https://w3id.org/italia/work-accident/controlled-vocabulary/proc17_radioactive_substances/sostanza_radioattiva/gruppo/III"
"https://w3id.org/italia/work-accident/controlled-vocabulary/proc17_radioactive_substances/sostanza_radioattiva/sostanza/Nb97","Nb97","Niobio 97","2","https://w3id.org/italia/work-accident/controlled-vocabulary/proc17_radioactive_substances/sostanza_radioattiva/gruppo/IV"
"https://w3id.org/italia/work-accident/controlled-vocabulary/proc17_radioactive_substances/sostanza_radioattiva/sostanza/Nd144","Nd144","Neodimio 144","2","https://w3id.org/italia/work-accident/controlled-vocabulary/proc17_radioactive_substances/sostanza_radioattiva/gruppo/IV"
"https://w3id.org/italia/work-accident/controlled-vocabulary/proc17_radioactive_substances/sostanza_radioattiva/sostanza/Nd147","Nd147","Neodimio 147","2","https://w3id.org/italia/work-accident/controlled-vocabulary/proc17_radioactive_substances/sostanza_radioattiva/gruppo/III"
"https://w3id.org/italia/work-accident/controlled-vocabulary/proc17_radioactive_substances/sostanza_radioattiva/sostanza/Nd149","Nd149","Neodimio 149","2","https://w3id.org/italia/work-accident/controlled-vocabulary/proc17_radioactive_substances/sostanza_radioattiva/gruppo/III"
"https://w3id.org/italia/work-accident/controlled-vocabulary/proc17_radioactive_substances/sostanza_radioattiva/sostanza/Ni59","Ni59","Nichel 59","2","https://w3id.org/italia/work-accident/controlled-vocabulary/proc17_radioactive_substances/sostanza_radioattiva/gruppo/IV"
"https://w3id.org/italia/work-accident/controlled-vocabulary/proc17_radioactive_substances/sostanza_radioattiva/sostanza/Ni65","Ni65","Nichel 65","2","https://w3id.org/italia/work-accident/controlled-vocabulary/proc17_radioactive_substances/sostanza_radioattiva/gruppo/III"
"https://w3id.org/italia/work-accident/controlled-vocabulary/proc17_radioactive_substances/sostanza_radioattiva/sostanza/Np237","Np237","Nettunio 237","2","https://w3id.org/italia/work-accident/controlled-vocabulary/proc17_radioactive_substances/sostanza_radioattiva/gruppo/I"
"https://w3id.org/italia/work-accident/controlled-vocabulary/proc17_radioactive_substances/sostanza_radioattiva/sostanza/Np239","Np239","Nettunio 239","2","https://w3id.org/italia/work-accident/controlled-vocabulary/proc17_radioactive_substances/sostanza_radioattiva/gruppo/III"
"https://w3id.org/italia/work-accident/controlled-vocabulary/proc17_radioactive_substances/sostanza_radioattiva/sostanza/O15","O15","Ossigeno 15","2","https://w3id.org/italia/work-accident/controlled-vocabulary/proc17_radioactive_substances/sostanza_radioattiva/gruppo/IV"
"https://w3id.org/italia/work-accident/controlled-vocabulary/proc17_radioactive_substances/sostanza_radioattiva/sostanza/Os185","Os185","Osmio 185","2","https://w3id.org/italia/work-accident/controlled-vocabulary/proc17_radioactive_substances/sostanza_radioattiva/gruppo/III"
"https://w3id.org/italia/work-accident/controlled-vocabulary/proc17_radioactive_substances/sostanza_radioattiva/sostanza/Os191","Os191","Osmio 191","2","https://w3id.org/italia/work-accident/controlled-vocabulary/proc17_radioactive_substances/sostanza_radioattiva/gruppo/III"
"https://w3id.org/italia/work-accident/controlled-vocabulary/proc17_radioactive_substances/sostanza_radioattiva/sostanza/Os191m","Os191m","Osmio 191m","2","https://w3id.org/italia/work-accident/controlled-vocabulary/proc17_radioactive_substances/sostanza_radioattiva/gruppo/IV"
"https://w3id.org/italia/work-accident/controlled-vocabulary/proc17_radioactive_substances/sostanza_radioattiva/sostanza/Os193","Os193","Osmio 193","2","https://w3id.org/italia/work-accident/controlled-vocabulary/proc17_radioactive_substances/sostanza_radioattiva/gruppo/III"
"https://w3id.org/italia/work-accident/controlled-vocabulary/proc17_radioactive_substances/sostanza_radioattiva/sostanza/P32","P32","Fosforo 32","2","https://w3id.org/italia/work-accident/controlled-vocabulary/proc17_radioactive_substances/sostanza_radioattiva/gruppo/III"
"https://w3id.org/italia/work-accident/controlled-vocabulary/proc17_radioactive_substances/sostanza_radioattiva/sostanza/Pa230","Pa230","Protoattinio 230","2","https://w3id.org/italia/work-accident/controlled-vocabulary/proc17_radioactive_substances/sostanza_radioattiva/gruppo/II"
"https://w3id.org/italia/work-accident/controlled-vocabulary/proc17_radioactive_substances/sostanza_radioattiva/sostanza/Pa231","Pa231","Proattinio 231","2","https://w3id.org/italia/work-accident/controlled-vocabulary/proc17_radioactive_substances/sostanza_radioattiva/gruppo/I"
"https://w3id.org/italia/work-accident/controlled-vocabulary/proc17_radioactive_substances/sostanza_radioattiva/sostanza/Pa233","Pa233","Protoattinio 233","2","https://w3id.org/italia/work-accident/controlled-vocabulary/proc17_radioactive_substances/sostanza_radioattiva/gruppo/III"
"https://w3id.org/italia/work-accident/controlled-vocabulary/proc17_radioactive_substances/sostanza_radioattiva/sostanza/Pb203","Pb203","Piombo 203","2","https://w3id.org/italia/work-accident/controlled-vocabulary/proc17_radioactive_substances/sostanza_radioattiva/gruppo/III"
"https://w3id.org/italia/work-accident/controlled-vocabulary/proc17_radioactive_substances/sostanza_radioattiva/sostanza/Pb210","Pb210","Piombo 210","2","https://w3id.org/italia/work-accident/controlled-vocabulary/proc17_radioactive_substances/sostanza_radioattiva/gruppo/I"
"https://w3id.org/italia/work-accident/controlled-vocabulary/proc17_radioactive_substances/sostanza_radioattiva/sostanza/Pb212","Pb212","Piombo 212","2","https://w3id.org/italia/work-accident/controlled-vocabulary/proc17_radioactive_substances/sostanza_radioattiva/gruppo/II"
"https://w3id.org/italia/work-accident/controlled-vocabulary/proc17_radioactive_substances/sostanza_radioattiva/sostanza/Pd103","Pd103","Palladio 103","2","https://w3id.org/italia/work-accident/controlled-vocabulary/proc17_radioactive_substances/sostanza_radioattiva/gruppo/III"
"https://w3id.org/italia/work-accident/controlled-vocabulary/proc17_radioactive_substances/sostanza_radioattiva/sostanza/Pd109","Pd109","Palladio 109","2","https://w3id.org/italia/work-accident/controlled-vocabulary/proc17_radioactive_substances/sostanza_radioattiva/gruppo/III"
"https://w3id.org/italia/work-accident/controlled-vocabulary/proc17_radioactive_substances/sostanza_radioattiva/sostanza/Pm147","Pm147","Promezio 147","2","https://w3id.org/italia/work-accident/controlled-vocabulary/proc17_radioactive_substances/sostanza_radioattiva/gruppo/III"
"https://w3id.org/italia/work-accident/controlled-vocabulary/proc17_radioactive_substances/sostanza_radioattiva/sostanza/Pm149","Pm149","Promezio 149","2","https://w3id.org/italia/work-accident/controlled-vocabulary/proc17_radioactive_substances/sostanza_radioattiva/gruppo/III"
"https://w3id.org/italia/work-accident/controlled-vocabulary/proc17_radioactive_substances/sostanza_radioattiva/sostanza/Po210","Po210","Polonio 210","2","https://w3id.org/italia/work-accident/controlled-vocabulary/proc17_radioactive_substances/sostanza_radioattiva/gruppo/I"
"https://w3id.org/italia/work-accident/controlled-vocabulary/proc17_radioactive_substances/sostanza_radioattiva/sostanza/Pr142","Pr142","Prascodimio 142","2","https://w3id.org/italia/work-accident/controlled-vocabulary/proc17_radioactive_substances/sostanza_radioattiva/gruppo/III"
"https://w3id.org/italia/work-accident/controlled-vocabulary/proc17_radioactive_substances/sostanza_radioattiva/sostanza/Pr143","Pr143","Prascodimio 143","2","https://w3id.org/italia/work-accident/controlled-vocabulary/proc17_radioactive_substances/sostanza_radioattiva/gruppo/III"
"https://w3id.org/italia/work-accident/controlled-vocabulary/proc17_radioactive_substances/sostanza_radioattiva/sostanza/Pt191","Pt191","Platino 191","2","https://w3id.org/italia/work-accident/controlled-vocabulary/proc17_radioactive_substances/sostanza_radioattiva/gruppo/III"
"https://w3id.org/italia/work-accident/controlled-vocabulary/proc17_radioactive_substances/sostanza_radioattiva/sostanza/Pt193","Pt193","Platino 193","2","https://w3id.org/italia/work-accident/controlled-vocabulary/proc17_radioactive_substances/sostanza_radioattiva/gruppo/III"
"https://w3id.org/italia/work-accident/controlled-vocabulary/proc17_radioactive_substances/sostanza_radioattiva/sostanza/Pt193m","Pt193m","Platino 193m","2","https://w3id.org/italia/work-accident/controlled-vocabulary/proc17_radioactive_substances/sostanza_radioattiva/gruppo/IV"
"https://w3id.org/italia/work-accident/controlled-vocabulary/proc17_radioactive_substances/sostanza_radioattiva/sostanza/Pt197","Pt197","Platino 197","2","https://w3id.org/italia/work-accident/controlled-vocabulary/proc17_radioactive_substances/sostanza_radioattiva/gruppo/III"
"https://w3id.org/italia/work-accident/controlled-vocabulary/proc17_radioactive_substances/sostanza_radioattiva/sostanza/Pt197m","Pt197m","Platino 197m","2","https://w3id.org/italia/work-accident/controlled-vocabulary/proc17_radioactive_substances/sostanza_radioattiva/gruppo/IV"
"https://w3id.org/italia/work-accident/controlled-vocabulary/proc17_radioactive_substances/sostanza_radioattiva/sostanza/Pu238","Pu238","Plutonio 238","2","https://w3id.org/italia/work-accident/controlled-vocabulary/proc17_radioactive_substances/sostanza_radioattiva/gruppo/I"
"https://w3id.org/italia/work-accident/controlled-vocabulary/proc17_radioactive_substances/sostanza_radioattiva/sostanza/Pu239","Pu239","Plutonio 239","2","https://w3id.org/italia/work-accident/controlled-vocabulary/proc17_radioactive_substances/sostanza_radioattiva/gruppo/I"
"https://w3id.org/italia/work-accident/controlled-vocabulary/proc17_radioactive_substances/sostanza_radioattiva/sostanza/Pu240","Pu240","Plutonio 240","2","https://w3id.org/italia/work-accident/controlled-vocabulary/proc17_radioactive_substances/sostanza_radioattiva/gruppo/I"
"https://w3id.org/italia/work-accident/controlled-vocabulary/proc17_radioactive_substances/sostanza_radioattiva/sostanza/Pu241","Pu241","Plutonio 241","2","https://w3id.org/italia/work-accident/controlled-vocabulary/proc17_radioactive_substances/sostanza_radioattiva/gruppo/I"
"https://w3id.org/italia/work-accident/controlled-vocabulary/proc17_radioactive_substances/sostanza_radioattiva/sostanza/Pu242","Pu242","Plutonio 242","2","https://w3id.org/italia/work-accident/controlled-vocabulary/proc17_radioactive_substances/sostanza_radioattiva/gruppo/I"
"https://w3id.org/italia/work-accident/controlled-vocabulary/proc17_radioactive_substances/sostanza_radioattiva/sostanza/Pu243","Pu243","Plutonio 243","2","https://w3id.org/italia/work-accident/controlled-vocabulary/proc17_radioactive_substances/sostanza_radioattiva/gruppo/III"
"https://w3id.org/italia/work-accident/controlled-vocabulary/proc17_radioactive_substances/sostanza_radioattiva/sostanza/Pu244","Pu244","Plutonio 244","2","https://w3id.org/italia/work-accident/controlled-vocabulary/proc17_radioactive_substances/sostanza_radioattiva/gruppo/II"
"https://w3id.org/italia/work-accident/controlled-vocabulary/proc17_radioactive_substances/sostanza_radioattiva/sostanza/Ra223","Ra223","Radio 223","2","https://w3id.org/italia/work-accident/controlled-vocabulary/proc17_radioactive_substances/sostanza_radioattiva/gruppo/I"
"https://w3id.org/italia/work-accident/controlled-vocabulary/proc17_radioactive_substances/sostanza_radioattiva/sostanza/Ra224","Ra224","Radio 224","2","https://w3id.org/italia/work-accident/controlled-vocabulary/proc17_radioactive_substances/sostanza_radioattiva/gruppo/II"
"https://w3id.org/italia/work-accident/controlled-vocabulary/proc17_radioactive_substances/sostanza_radioattiva/sostanza/Ra226","Ra226","Radio 226","2","https://w3id.org/italia/work-accident/controlled-vocabulary/proc17_radioactive_substances/sostanza_radioattiva/gruppo/I"
"https://w3id.org/italia/work-accident/controlled-vocabulary/proc17_radioactive_substances/sostanza_radioattiva/sostanza/Ra228","Ra228","Radio 228","2","https://w3id.org/italia/work-accident/controlled-vocabulary/proc17_radioactive_substances/sostanza_radioattiva/gruppo/I"
"https://w3id.org/italia/work-accident/controlled-vocabulary/proc17_radioactive_substances/sostanza_radioattiva/sostanza/Rb86","Rb86","Rubidio 86","2","https://w3id.org/italia/work-accident/controlled-vocabulary/proc17_radioactive_substances/sostanza_radioattiva/gruppo/III"
"https://w3id.org/italia/work-accident/controlled-vocabulary/proc17_radioactive_substances/sostanza_radioattiva/sostanza/Rb87","Rb87","Rubidio 87","2","https://w3id.org/italia/work-accident/controlled-vocabulary/proc17_radioactive_substances/sostanza_radioattiva/gruppo/IV"
"https://w3id.org/italia/work-accident/controlled-vocabulary/proc17_radioactive_substances/sostanza_radioattiva/sostanza/Re183","Re183","Renio 183","2","https://w3id.org/italia/work-accident/controlled-vocabulary/proc17_radioactive_substances/sostanza_radioattiva/gruppo/III"
"https://w3id.org/italia/work-accident/controlled-vocabulary/proc17_radioactive_substances/sostanza_radioattiva/sostanza/Re186","Re186","Renio 186","2","https://w3id.org/italia/work-accident/controlled-vocabulary/proc17_radioactive_substances/sostanza_radioattiva/gruppo/III"
"https://w3id.org/italia/work-accident/controlled-vocabulary/proc17_radioactive_substances/sostanza_radioattiva/sostanza/Re187","Re187","Renio 187","2","https://w3id.org/italia/work-accident/controlled-vocabulary/proc17_radioactive_substances/sostanza_radioattiva/gruppo/IV"
"https://w3id.org/italia/work-accident/controlled-vocabulary/proc17_radioactive_substances/sostanza_radioattiva/sostanza/Re188","Re188","Renio 188","2","https://w3id.org/italia/work-accident/controlled-vocabulary/proc17_radioactive_substances/sostanza_radioattiva/gruppo/III"
"https://w3id.org/italia/work-accident/controlled-vocabulary/proc17_radioactive_substances/sostanza_radioattiva/sostanza/Rh103m","Rh103m","Rodio 103m","2","https://w3id.org/italia/work-accident/controlled-vocabulary/proc17_radioactive_substances/sostanza_radioattiva/gruppo/IV"
"https://w3id.org/italia/work-accident/controlled-vocabulary/proc17_radioactive_substances/sostanza_radioattiva/sostanza/Rh105","Rh105","Rodio 105","2","https://w3id.org/italia/work-accident/controlled-vocabulary/proc17_radioactive_substances/sostanza_radioattiva/gruppo/III"
"https://w3id.org/italia/work-accident/controlled-vocabulary/proc17_radioactive_substances/sostanza_radioattiva/sostanza/Rn220","Rn220","Radon 220","2","https://w3id.org/italia/work-accident/controlled-vocabulary/proc17_radioactive_substances/sostanza_radioattiva/gruppo/III"
"https://w3id.org/italia/work-accident/controlled-vocabulary/proc17_radioactive_substances/sostanza_radioattiva/sostanza/Rn222","Rn222","Radon 222","2","https://w3id.org/italia/work-accident/controlled-vocabulary/proc17_radioactive_substances/sostanza_radioattiva/gruppo/III"
"https://w3id.org/italia/work-accident/controlled-vocabulary/proc17_radioactive_substances/sostanza_radioattiva/sostanza/Ru103","Ru103","Rutenio 103","2","https://w3id.org/italia/work-accident/controlled-vocabulary/proc17_radioactive_substances/sostanza_radioattiva/gruppo/III"
"https://w3id.org/italia/work-accident/controlled-vocabulary/proc17_radioactive_substances/sostanza_radioattiva/sostanza/Ru105","Ru105","Rutenio 105","2","https://w3id.org/italia/work-accident/controlled-vocabulary/proc17_radioactive_substances/sostanza_radioattiva/gruppo/III"
"https://w3id.org/italia/work-accident/controlled-vocabulary/proc17_radioactive_substances/sostanza_radioattiva/sostanza/Ru106","Ru106","Rutenio 106","2","https://w3id.org/italia/work-accident/controlled-vocabulary/proc17_radioactive_substances/sostanza_radioattiva/gruppo/II"
"https://w3id.org/italia/work-accident/controlled-vocabulary/proc17_radioactive_substances/sostanza_radioattiva/sostanza/Ru97","Ru97","Rutenio 97","2","https://w3id.org/italia/work-accident/controlled-vocabulary/proc17_radioactive_substances/sostanza_radioattiva/gruppo/III"
"https://w3id.org/italia/work-accident/controlled-vocabulary/proc17_radioactive_substances/sostanza_radioattiva/sostanza/S35","S35","Zolfo 35","2","https://w3id.org/italia/work-accident/controlled-vocabulary/proc17_radioactive_substances/sostanza_radioattiva/gruppo/III"
"https://w3id.org/italia/work-accident/controlled-vocabulary/proc17_radioactive_substances/sostanza_radioattiva/sostanza/Sb122","Sb122","Antimonio 122","2","https://w3id.org/italia/work-accident/controlled-vocabulary/proc17_radioactive_substances/sostanza_radioattiva/gruppo/III"
"https://w3id.org/italia/work-accident/controlled-vocabulary/proc17_radioactive_substances/sostanza_radioattiva/sostanza/Sb124","Sb124","Antimonio 124","2","https://w3id.org/italia/work-accident/controlled-vocabulary/proc17_radioactive_substances/sostanza_radioattiva/gruppo/II"
"https://w3id.org/italia/work-accident/controlled-vocabulary/proc17_radioactive_substances/sostanza_radioattiva/sostanza/Sb125","Sb125","Antimonio 125","2","https://w3id.org/italia/work-accident/controlled-vocabulary/proc17_radioactive_substances/sostanza_radioattiva/gruppo/II"
"https://w3id.org/italia/work-accident/controlled-vocabulary/proc17_radioactive_substances/sostanza_radioattiva/sostanza/Sc46","Sc46","Scandio 46","2","https://w3id.org/italia/work-accident/controlled-vocabulary/proc17_radioactive_substances/sostanza_radioattiva/gruppo/II"
"https://w3id.org/italia/work-accident/controlled-vocabulary/proc17_radioactive_substances/sostanza_radioattiva/sostanza/Sc47","Sc47","Scandio 47","2","https://w3id.org/italia/work-accident/controlled-vocabulary/proc17_radioactive_substances/sostanza_radioattiva/gruppo/III"
"https://w3id.org/italia/work-accident/controlled-vocabulary/proc17_radioactive_substances/sostanza_radioattiva/sostanza/Sc48","Sc48","Scandio 48","2","https://w3id.org/italia/work-accident/controlled-vocabulary/proc17_radioactive_substances/sostanza_radioattiva/gruppo/III"
"https://w3id.org/italia/work-accident/controlled-vocabulary/proc17_radioactive_substances/sostanza_radioattiva/sostanza/Se75","Se75","Selenio 75","2","https://w3id.org/italia/work-accident/controlled-vocabulary/proc17_radioactive_substances/sostanza_radioattiva/gruppo/III"
"https://w3id.org/italia/work-accident/controlled-vocabulary/proc17_radioactive_substances/sostanza_radioattiva/sostanza/Si31","Si31","Silicio 31","2","https://w3id.org/italia/work-accident/controlled-vocabulary/proc17_radioactive_substances/sostanza_radioattiva/gruppo/III"
"https://w3id.org/italia/work-accident/controlled-vocabulary/proc17_radioactive_substances/sostanza_radioattiva/sostanza/Sm151","Sm151","Samario 151","2","https://w3id.org/italia/work-accident/controlled-vocabulary/proc17_radioactive_substances/sostanza_radioattiva/gruppo/III"
"https://w3id.org/italia/work-accident/controlled-vocabulary/proc17_radioactive_substances/sostanza_radioattiva/sostanza/Sm153","Sm153","Samario 153","2","https://w3id.org/italia/work-accident/controlled-vocabulary/proc17_radioactive_substances/sostanza_radioattiva/gruppo/III"
"https://w3id.org/italia/work-accident/controlled-vocabulary/proc17_radioactive_substances/sostanza_radioattiva/sostanza/Sn113","Sn113","Stagno 113","2","https://w3id.org/italia/work-accident/controlled-vocabulary/proc17_radioactive_substances/sostanza_radioattiva/gruppo/III"
"https://w3id.org/italia/work-accident/controlled-vocabulary/proc17_radioactive_substances/sostanza_radioattiva/sostanza/Sn125","Sn125","Stagno 125","2","https://w3id.org/italia/work-accident/controlled-vocabulary/proc17_radioactive_substances/sostanza_radioattiva/gruppo/III"
"https://w3id.org/italia/work-accident/controlled-vocabulary/proc17_radioactive_substances/sostanza_radioattiva/sostanza/Sr85","Sr85","Stronzio 85","2","https://w3id.org/italia/work-accident/controlled-vocabulary/proc17_radioactive_substances/sostanza_radioattiva/gruppo/III"
"https://w3id.org/italia/work-accident/controlled-vocabulary/proc17_radioactive_substances/sostanza_radioattiva/sostanza/Sr85m","Sr85m","Stronzio 85m","2","https://w3id.org/italia/work-accident/controlled-vocabulary/proc17_radioactive_substances/sostanza_radioattiva/gruppo/IV"
"https://w3id.org/italia/work-accident/controlled-vocabulary/proc17_radioactive_substances/sostanza_radioattiva/sostanza/Sr89","Sr89","Stronzio 89","2","https://w3id.org/italia/work-accident/controlled-vocabulary/proc17_radioactive_substances/sostanza_radioattiva/gruppo/II"
"https://w3id.org/italia/work-accident/controlled-vocabulary/proc17_radioactive_substances/sostanza_radioattiva/sostanza/Sr90","Sr90","Stronzio 90","2","https://w3id.org/italia/work-accident/controlled-vocabulary/proc17_radioactive_substances/sostanza_radioattiva/gruppo/II"
"https://w3id.org/italia/work-accident/controlled-vocabulary/proc17_radioactive_substances/sostanza_radioattiva/sostanza/Sr91","Sr91","Stronzio 91","2","https://w3id.org/italia/work-accident/controlled-vocabulary/proc17_radioactive_substances/sostanza_radioattiva/gruppo/III"
"https://w3id.org/italia/work-accident/controlled-vocabulary/proc17_radioactive_substances/sostanza_radioattiva/sostanza/Sr92","Sr92","Stronzio 92","2","https://w3id.org/italia/work-accident/controlled-vocabulary/proc17_radioactive_substances/sostanza_radioattiva/gruppo/III"
"https://w3id.org/italia/work-accident/controlled-vocabulary/proc17_radioactive_substances/sostanza_radioattiva/sostanza/Ta132","Ta132","Tantalio 132","2","https://w3id.org/italia/work-accident/controlled-vocabulary/proc17_radioactive_substances/sostanza_radioattiva/gruppo/II"
"https://w3id.org/italia/work-accident/controlled-vocabulary/proc17_radioactive_substances/sostanza_radioattiva/sostanza/Tb160","Tb160","Terbio 160","2","https://w3id.org/italia/work-accident/controlled-vocabulary/proc17_radioactive_substances/sostanza_radioattiva/gruppo/II"
"https://w3id.org/italia/work-accident/controlled-vocabulary/proc17_radioactive_substances/sostanza_radioattiva/sostanza/Tc96","Tc96","Tecnezio 96","2","https://w3id.org/italia/work-accident/controlled-vocabulary/proc17_radioactive_substances/sostanza_radioattiva/gruppo/III"
"https://w3id.org/italia/work-accident/controlled-vocabulary/proc17_radioactive_substances/sostanza_radioattiva/sostanza/Tc96m","Tc96m","Tecnezio 96m","2","https://w3id.org/italia/work-accident/controlled-vocabulary/proc17_radioactive_substances/sostanza_radioattiva/gruppo/IV"
"https://w3id.org/italia/work-accident/controlled-vocabulary/proc17_radioactive_substances/sostanza_radioattiva/sostanza/Tc97","Tc97","Tecnezio 97","2","https://w3id.org/italia/work-accident/controlled-vocabulary/proc17_radioactive_substances/sostanza_radioattiva/gruppo/III"
"https://w3id.org/italia/work-accident/controlled-vocabulary/proc17_radioactive_substances/sostanza_radioattiva/sostanza/Tc97m","Tc97m","Tecnezio 97m","2","https://w3id.org/italia/work-accident/controlled-vocabulary/proc17_radioactive_substances/sostanza_radioattiva/gruppo/III"
"https://w3id.org/italia/work-accident/controlled-vocabulary/proc17_radioactive_substances/sostanza_radioattiva/sostanza/Tc99","Tc99","Tecnezio 99","2","https://w3id.org/italia/work-accident/controlled-vocabulary/proc17_radioactive_substances/sostanza_radioattiva/gruppo/III"
"https://w3id.org/italia/work-accident/controlled-vocabulary/proc17_radioactive_substances/sostanza_radioattiva/sostanza/Tc99m","Tc99m","Tecnezio 99m","2","https://w3id.org/italia/work-accident/controlled-vocabulary/proc17_radioactive_substances/sostanza_radioattiva/gruppo/IV"
"https://w3id.org/italia/work-accident/controlled-vocabulary/proc17_radioactive_substances/sostanza_radioattiva/sostanza/Te125m","Te125m","Tellurio 125m","2","https://w3id.org/italia/work-accident/controlled-vocabulary/proc17_radioactive_substances/sostanza_radioattiva/gruppo/III"
"https://w3id.org/italia/work-accident/controlled-vocabulary/proc17_radioactive_substances/sostanza_radioattiva/sostanza/Te127","Te127","Tellurio 127","2","https://w3id.org/italia/work-accident/controlled-vocabulary/proc17_radioactive_substances/sostanza_radioattiva/gruppo/III"
"https://w3id.org/italia/work-accident/controlled-vocabulary/proc17_radioactive_substances/sostanza_radioattiva/sostanza/Te127m","Te127m","Tellurio 127m","2","https://w3id.org/italia/work-accident/controlled-vocabulary/proc17_radioactive_substances/sostanza_radioattiva/gruppo/II"
"https://w3id.org/italia/work-accident/controlled-vocabulary/proc17_radioactive_substances/sostanza_radioattiva/sostanza/Te131m","Te131m","Tellurio 131m","2","https://w3id.org/italia/work-accident/controlled-vocabulary/proc17_radioactive_substances/sostanza_radioattiva/gruppo/III"
"https://w3id.org/italia/work-accident/controlled-vocabulary/proc17_radioactive_substances/sostanza_radioattiva/sostanza/Te132","Te132","Tellurio 132","2","https://w3id.org/italia/work-accident/controlled-vocabulary/proc17_radioactive_substances/sostanza_radioattiva/gruppo/III"
"https://w3id.org/italia/work-accident/controlled-vocabulary/proc17_radioactive_substances/sostanza_radioattiva/sostanza/Th227","Th227","Torio 227","2","https://w3id.org/italia/work-accident/controlled-vocabulary/proc17_radioactive_substances/sostanza_radioattiva/gruppo/I"
"https://w3id.org/italia/work-accident/controlled-vocabulary/proc17_radioactive_substances/sostanza_radioattiva/sostanza/Th228","Th228","Torio 228","2","https://w3id.org/italia/work-accident/controlled-vocabulary/proc17_radioactive_substances/sostanza_radioattiva/gruppo/I"
"https://w3id.org/italia/work-accident/controlled-vocabulary/proc17_radioactive_substances/sostanza_radioattiva/sostanza/Th230","Th230","Torio 230","2","https://w3id.org/italia/work-accident/controlled-vocabulary/proc17_radioactive_substances/sostanza_radioattiva/gruppo/I"
"https://w3id.org/italia/work-accident/controlled-vocabulary/proc17_radioactive_substances/sostanza_radioattiva/sostanza/Th231","Th231","Torio 231","2","https://w3id.org/italia/work-accident/controlled-vocabulary/proc17_radioactive_substances/sostanza_radioattiva/gruppo/III"
"https://w3id.org/italia/work-accident/controlled-vocabulary/proc17_radioactive_substances/sostanza_radioattiva/sostanza/Th232","Th232","Torio 232","2","https://w3id.org/italia/work-accident/controlled-vocabulary/proc17_radioactive_substances/sostanza_radioattiva/gruppo/IV"
"https://w3id.org/italia/work-accident/controlled-vocabulary/proc17_radioactive_substances/sostanza_radioattiva/sostanza/Th234","Th234","Torio 234","2","https://w3id.org/italia/work-accident/controlled-vocabulary/proc17_radioactive_substances/sostanza_radioattiva/gruppo/II"
"https://w3id.org/italia/work-accident/controlled-vocabulary/proc17_radioactive_substances/sostanza_radioattiva/sostanza/Tl200","Tl200","Tallio 200","2","https://w3id.org/italia/work-accident/controlled-vocabulary/proc17_radioactive_substances/sostanza_radioattiva/gruppo/III"
"https://w3id.org/italia/work-accident/controlled-vocabulary/proc17_radioactive_substances/sostanza_radioattiva/sostanza/Tl201","Tl201","Tallio 201","2","https://w3id.org/italia/work-accident/controlled-vocabulary/proc17_radioactive_substances/sostanza_radioattiva/gruppo/III"
"https://w3id.org/italia/work-accident/controlled-vocabulary/proc17_radioactive_substances/sostanza_radioattiva/sostanza/Tl202","Tl202","Tallio 202","2","https://w3id.org/italia/work-accident/controlled-vocabulary/proc17_radioactive_substances/sostanza_radioattiva/gruppo/III"
"https://w3id.org/italia/work-accident/controlled-vocabulary/proc17_radioactive_substances/sostanza_radioattiva/sostanza/Tl204","Tl204","Tallio 204","2","https://w3id.org/italia/work-accident/controlled-vocabulary/proc17_radioactive_substances/sostanza_radioattiva/gruppo/II"
"https://w3id.org/italia/work-accident/controlled-vocabulary/proc17_radioactive_substances/sostanza_radioattiva/sostanza/Tm170","Tm170","Tulio 170","2","https://w3id.org/italia/work-accident/controlled-vocabulary/proc17_radioactive_substances/sostanza_radioattiva/gruppo/II"
"https://w3id.org/italia/work-accident/controlled-vocabulary/proc17_radioactive_substances/sostanza_radioattiva/sostanza/Tm171","Tm171","Tulio 171","2","https://w3id.org/italia/work-accident/controlled-vocabulary/proc17_radioactive_substances/sostanza_radioattiva/gruppo/III"
"https://w3id.org/italia/work-accident/controlled-vocabulary/proc17_radioactive_substances/sostanza_radioattiva/sostanza/U230","U230","Uranio 230","2","https://w3id.org/italia/work-accident/controlled-vocabulary/proc17_radioactive_substances/sostanza_radioattiva/gruppo/I"
"https://w3id.org/italia/work-accident/controlled-vocabulary/proc17_radioactive_substances/sostanza_radioattiva/sostanza/U232","U232","Uranio 232","2","https://w3id.org/italia/work-accident/controlled-vocabulary/proc17_radioactive_substances/sostanza_radioattiva/gruppo/I"
"https://w3id.org/italia/work-accident/controlled-vocabulary/proc17_radioactive_substances/sostanza_radioattiva/sostanza/U233","U233","Uranio 233","2","https://w3id.org/italia/work-accident/controlled-vocabulary/proc17_radioactive_substances/sostanza_radioattiva/gruppo/I"
"https://w3id.org/italia/work-accident/controlled-vocabulary/proc17_radioactive_substances/sostanza_radioattiva/sostanza/U234","U234","Uranio 234","2","https://w3id.org/italia/work-accident/controlled-vocabulary/proc17_radioactive_substances/sostanza_radioattiva/gruppo/I"
"https://w3id.org/italia/work-accident/controlled-vocabulary/proc17_radioactive_substances/sostanza_radioattiva/sostanza/U235","U235","Uranio 235","2","https://w3id.org/italia/work-accident/controlled-vocabulary/proc17_radioactive_substances/sostanza_radioattiva/gruppo/IV"
"https://w3id.org/italia/work-accident/controlled-vocabulary/proc17_radioactive_substances/sostanza_radioattiva/sostanza/U236","U236","Uranio 236","2","https://w3id.org/italia/work-accident/controlled-vocabulary/proc17_radioactive_substances/sostanza_radioattiva/gruppo/II"
"https://w3id.org/italia/work-accident/controlled-vocabulary/proc17_radioactive_substances/sostanza_radioattiva/sostanza/U238","U238","Uranio 238","2","https://w3id.org/italia/work-accident/controlled-vocabulary/proc17_radioactive_substances/sostanza_radioattiva/gruppo/IV"
"https://w3id.org/italia/work-accident/controlled-vocabulary/proc17_radioactive_substances/sostanza_radioattiva/sostanza/V48","V48","Vanadio 48","2","https://w3id.org/italia/work-accident/controlled-vocabulary/proc17_radioactive_substances/sostanza_radioattiva/gruppo/III"
"https://w3id.org/italia/work-accident/controlled-vocabulary/proc17_radioactive_substances/sostanza_radioattiva/sostanza/W181","W181","Tungsteno 181","2","https://w3id.org/italia/work-accident/controlled-vocabulary/proc17_radioactive_substances/sostanza_radioattiva/gruppo/III"
"https://w3id.org/italia/work-accident/controlled-vocabulary/proc17_radioactive_substances/sostanza_radioattiva/sostanza/W185","W185","Tungsteno 185","2","https://w3id.org/italia/work-accident/controlled-vocabulary/proc17_radioactive_substances/sostanza_radioattiva/gruppo/III"
"https://w3id.org/italia/work-accident/controlled-vocabulary/proc17_radioactive_substances/sostanza_radioattiva/sostanza/W187","W187","Tungsteno 187","2","https://w3id.org/italia/work-accident/controlled-vocabulary/proc17_radioactive_substances/sostanza_radioattiva/gruppo/III"
"https://w3id.org/italia/work-accident/controlled-vocabulary/proc17_radioactive_substances/sostanza_radioattiva/sostanza/Xe131m","Xe131m","Xenon 131m","2","https://w3id.org/italia/work-accident/controlled-vocabulary/proc17_radioactive_substances/sostanza_radioattiva/gruppo/IV"
"https://w3id.org/italia/work-accident/controlled-vocabulary/proc17_radioactive_substances/sostanza_radioattiva/sostanza/Xe133","Xe133","Xenon 133","2","https://w3id.org/italia/work-accident/controlled-vocabulary/proc17_radioactive_substances/sostanza_radioattiva/gruppo/IV"
"https://w3id.org/italia/work-accident/controlled-vocabulary/proc17_radioactive_substances/sostanza_radioattiva/sostanza/Xe135","Xe135","Xenon 135","2","https://w3id.org/italia/work-accident/controlled-vocabulary/proc17_radioactive_substances/sostanza_radioattiva/gruppo/III"
"https://w3id.org/italia/work-accident/controlled-vocabulary/proc17_radioactive_substances/sostanza_radioattiva/sostanza/Y90","Y90","Yttrio 90","2","https://w3id.org/italia/work-accident/controlled-vocabulary/proc17_radioactive_substances/sostanza_radioattiva/gruppo/III"
"https://w3id.org/italia/work-accident/controlled-vocabulary/proc17_radioactive_substances/sostanza_radioattiva/sostanza/Y91","Y91","Yttrio 91","2","https://w3id.org/italia/work-accident/controlled-vocabulary/proc17_radioactive_substances/sostanza_radioattiva/gruppo/II"
"https://w3id.org/italia/work-accident/controlled-vocabulary/proc17_radioactive_substances/sostanza_radioattiva/sostanza/Y91m","Y91m","Ittrio 91m","2","https://w3id.org/italia/work-accident/controlled-vocabulary/proc17_radioactive_substances/sostanza_radioattiva/gruppo/IV"
"https://w3id.org/italia/work-accident/controlled-vocabulary/proc17_radioactive_substances/sostanza_radioattiva/sostanza/Y92","Y92","Yttrio 92","2","https://w3id.org/italia/work-accident/controlled-vocabulary/proc17_radioactive_substances/sostanza_radioattiva/gruppo/III"
"https://w3id.org/italia/work-accident/controlled-vocabulary/proc17_radioactive_substances/sostanza_radioattiva/sostanza/Y93","Y93","Yttrio 93","2","https://w3id.org/italia/work-accident/controlled-vocabulary/proc17_radioactive_substances/sostanza_radioattiva/gruppo/III"
"https://w3id.org/italia/work-accident/controlled-vocabulary/proc17_radioactive_substances/sostanza_radioattiva/sostanza/Yb175","Yb175","Itterbio 175","2","https://w3id.org/italia/work-accident/controlled-vocabulary/proc17_radioactive_substances/sostanza_radioattiva/gruppo/III"
"https://w3id.org/italia/work-accident/controlled-vocabulary/proc17_radioactive_substances/sostanza_radioattiva/sostanza/Zn65","Zn65","Zinco 65","2","https://w3id.org/italia/work-accident/controlled-vocabulary/proc17_radioactive_substances/sostanza_radioattiva/gruppo/III"
"https://w3id.org/italia/work-accident/controlled-vocabulary/proc17_radioactive_substances/sostanza_radioattiva/sostanza/Zn69","Zn69","Zinco 69","2","https://w3id.org/italia/work-accident/controlled-vocabulary/proc17_radioactive_substances/sostanza_radioattiva/gruppo/IV"
"https://w3id.org/italia/work-accident/controlled-vocabulary/proc17_radioactive_substances/sostanza_radioattiva/sostanza/Zn69m","Zn69m","Zinco 69m","2","https://w3id.org/italia/work-accident/controlled-vocabulary/proc17_radioactive_substances/sostanza_radioattiva/gruppo/III"
"https://w3id.org/italia/work-accident/controlled-vocabulary/proc17_radioactive_substances/sostanza_radioattiva/sostanza/Zr93","Zr93","Zirconio 93","2","https://w3id.org/italia/work-accident/controlled-vocabulary/proc17_radioactive_substances/sostanza_radioattiva/gruppo/IV"
"https://w3id.org/italia/work-accident/controlled-vocabulary/proc17_radioactive_substances/sostanza_radioattiva/sostanza/Zr95","Zr95","Zirconio 95","2","https://w3id.org/italia/work-accident/controlled-vocabulary/proc17_radioactive_substances/sostanza_radioattiva/gruppo/II"
"https://w3id.org/italia/work-accident/controlled-vocabulary/proc17_radioactive_substances/sostanza_radioattiva/sostanza/Zr97","Zr97","Zirconio 97","2","https://w3id.org/italia/work-accident/controlled-vocabulary/proc17_radioactive_substances/sostanza_radioattiva/gruppo/III"
