"url","id","label_it","level.@type","level.@value"
"https://w3id.org/italia/work-accident/controlled-vocabulary/core/sede_inail/11100","11100","ALESSANDRIA","http://www.w3.org/2001/XMLSchema#integer","1"
"https://w3id.org/italia/work-accident/controlled-vocabulary/core/sede_inail/11130","11130","CASALE MONFERRATO (AL)","http://www.w3.org/2001/XMLSchema#integer","1"
"https://w3id.org/italia/work-accident/controlled-vocabulary/core/sede_inail/11200","11200","ASTI","http://www.w3.org/2001/XMLSchema#integer","1"
"https://w3id.org/italia/work-accident/controlled-vocabulary/core/sede_inail/11300","11300","CUNEO","http://www.w3.org/2001/XMLSchema#integer","1"
"https://w3id.org/italia/work-accident/controlled-vocabulary/core/sede_inail/11332","11332","ALBA (CN)","http://www.w3.org/2001/XMLSchema#integer","1"
"https://w3id.org/italia/work-accident/controlled-vocabulary/core/sede_inail/11400","11400","NOVARA","http://www.w3.org/2001/XMLSchema#integer","1"
"https://w3id.org/italia/work-accident/controlled-vocabulary/core/sede_inail/11500","11500","TORINO CENTRO","http://www.w3.org/2001/XMLSchema#integer","1"
"https://w3id.org/italia/work-accident/controlled-vocabulary/core/sede_inail/11520","11520","IVREA","http://www.w3.org/2001/XMLSchema#integer","1"
"https://w3id.org/italia/work-accident/controlled-vocabulary/core/sede_inail/11523","11523","CHIVASSO (TO)","http://www.w3.org/2001/XMLSchema#integer","1"
"https://w3id.org/italia/work-accident/controlled-vocabulary/core/sede_inail/11540","11540","MONCALIERI (TO)","http://www.w3.org/2001/XMLSchema#integer","1"
"https://w3id.org/italia/work-accident/controlled-vocabulary/core/sede_inail/11542","11542","RIVOLI (TO)","http://www.w3.org/2001/XMLSchema#integer","1"
"https://w3id.org/italia/work-accident/controlled-vocabulary/core/sede_inail/11560","11560","PINEROLO (TO)","http://www.w3.org/2001/XMLSchema#integer","1"
"https://w3id.org/italia/work-accident/controlled-vocabulary/core/sede_inail/11570","11570","TORINO SUD","http://www.w3.org/2001/XMLSchema#integer","1"
"https://w3id.org/italia/work-accident/controlled-vocabulary/core/sede_inail/11580","11580","TORINO NORD","http://www.w3.org/2001/XMLSchema#integer","1"
"https://w3id.org/italia/work-accident/controlled-vocabulary/core/sede_inail/11600","11600","VERCELLI","http://www.w3.org/2001/XMLSchema#integer","1"
"https://w3id.org/italia/work-accident/controlled-vocabulary/core/sede_inail/11620","11620","BIELLA","http://www.w3.org/2001/XMLSchema#integer","1"
"https://w3id.org/italia/work-accident/controlled-vocabulary/core/sede_inail/11700","11700","VERBANO CUSIO OSSOLA","http://www.w3.org/2001/XMLSchema#integer","1"
"https://w3id.org/italia/work-accident/controlled-vocabulary/core/sede_inail/12100","12100","AOSTA - SEDE REGIONALE","http://www.w3.org/2001/XMLSchema#integer","1"
"https://w3id.org/italia/work-accident/controlled-vocabulary/core/sede_inail/13100","13100","BERGAMO","http://www.w3.org/2001/XMLSchema#integer","1"
"https://w3id.org/italia/work-accident/controlled-vocabulary/core/sede_inail/13140","13140","TREVIGLIO","http://www.w3.org/2001/XMLSchema#integer","1"
"https://w3id.org/italia/work-accident/controlled-vocabulary/core/sede_inail/13200","13200","BRESCIA","http://www.w3.org/2001/XMLSchema#integer","1"
"https://w3id.org/italia/work-accident/controlled-vocabulary/core/sede_inail/13232","13232","BRENO (BS)","http://www.w3.org/2001/XMLSchema#integer","1"
"https://w3id.org/italia/work-accident/controlled-vocabulary/core/sede_inail/13233","13233","MANERBIO (BS)","http://www.w3.org/2001/XMLSchema#integer","1"
"https://w3id.org/italia/work-accident/controlled-vocabulary/core/sede_inail/13240","13240","PALAZZOLO SULL'OGLIO","http://www.w3.org/2001/XMLSchema#integer","1"
"https://w3id.org/italia/work-accident/controlled-vocabulary/core/sede_inail/13300","13300","COMO","http://www.w3.org/2001/XMLSchema#integer","1"
"https://w3id.org/italia/work-accident/controlled-vocabulary/core/sede_inail/13320","13320","LECCO","http://www.w3.org/2001/XMLSchema#integer","1"
"https://w3id.org/italia/work-accident/controlled-vocabulary/core/sede_inail/13400","13400","CREMONA","http://www.w3.org/2001/XMLSchema#integer","1"
"https://w3id.org/italia/work-accident/controlled-vocabulary/core/sede_inail/13430","13430","CREMA (CR)","http://www.w3.org/2001/XMLSchema#integer","1"
"https://w3id.org/italia/work-accident/controlled-vocabulary/core/sede_inail/13500","13500","MANTOVA","http://www.w3.org/2001/XMLSchema#integer","1"
"https://w3id.org/italia/work-accident/controlled-vocabulary/core/sede_inail/13600","13600","MILANO NORD","http://www.w3.org/2001/XMLSchema#integer","1"
"https://w3id.org/italia/work-accident/controlled-vocabulary/core/sede_inail/13609","13609","RHO(MI)","http://www.w3.org/2001/XMLSchema#integer","1"
"https://w3id.org/italia/work-accident/controlled-vocabulary/core/sede_inail/13620","13620","LEGNANO","http://www.w3.org/2001/XMLSchema#integer","1"
"https://w3id.org/italia/work-accident/controlled-vocabulary/core/sede_inail/13621","13621","LODI","http://www.w3.org/2001/XMLSchema#integer","1"
"https://w3id.org/italia/work-accident/controlled-vocabulary/core/sede_inail/13622","13622","MONZA","http://www.w3.org/2001/XMLSchema#integer","1"
"https://w3id.org/italia/work-accident/controlled-vocabulary/core/sede_inail/13623","13623","SESTO S.GIOVANNI","http://www.w3.org/2001/XMLSchema#integer","1"
"https://w3id.org/italia/work-accident/controlled-vocabulary/core/sede_inail/13640","13640","MILANO SUD","http://www.w3.org/2001/XMLSchema#integer","1"
"https://w3id.org/italia/work-accident/controlled-vocabulary/core/sede_inail/13670","13670","MILANO EST","http://www.w3.org/2001/XMLSchema#integer","1"
"https://w3id.org/italia/work-accident/controlled-vocabulary/core/sede_inail/13680","13680","MILANO CENTRO","http://www.w3.org/2001/XMLSchema#integer","1"
"https://w3id.org/italia/work-accident/controlled-vocabulary/core/sede_inail/13700","13700","PAVIA","http://www.w3.org/2001/XMLSchema#integer","1"
"https://w3id.org/italia/work-accident/controlled-vocabulary/core/sede_inail/13800","13800","SONDRIO","http://www.w3.org/2001/XMLSchema#integer","1"
"https://w3id.org/italia/work-accident/controlled-vocabulary/core/sede_inail/13900","13900","VARESE","http://www.w3.org/2001/XMLSchema#integer","1"
"https://w3id.org/italia/work-accident/controlled-vocabulary/core/sede_inail/13920","13920","BUSTO ARSIZIO (VA)","http://www.w3.org/2001/XMLSchema#integer","1"
"https://w3id.org/italia/work-accident/controlled-vocabulary/core/sede_inail/13921","13921","GALLARATE (VA)","http://www.w3.org/2001/XMLSchema#integer","1"
"https://w3id.org/italia/work-accident/controlled-vocabulary/core/sede_inail/13922","13922","SARONNO (VA)","http://www.w3.org/2001/XMLSchema#integer","1"
"https://w3id.org/italia/work-accident/controlled-vocabulary/core/sede_inail/14100","14100","BOLZANO","http://www.w3.org/2001/XMLSchema#integer","1"
"https://w3id.org/italia/work-accident/controlled-vocabulary/core/sede_inail/14110","14110","BRESSANONE (BZ)","http://www.w3.org/2001/XMLSchema#integer","1"
"https://w3id.org/italia/work-accident/controlled-vocabulary/core/sede_inail/14120","14120","MERANO","http://www.w3.org/2001/XMLSchema#integer","1"
"https://w3id.org/italia/work-accident/controlled-vocabulary/core/sede_inail/14200","14200","DIREZIONE PROVINCIALE DI TRENTO","http://www.w3.org/2001/XMLSchema#integer","1"
"https://w3id.org/italia/work-accident/controlled-vocabulary/core/sede_inail/14220","14220","ROVERETO (TN)","http://www.w3.org/2001/XMLSchema#integer","1"
"https://w3id.org/italia/work-accident/controlled-vocabulary/core/sede_inail/15100","15100","BELLUNO","http://www.w3.org/2001/XMLSchema#integer","1"
"https://w3id.org/italia/work-accident/controlled-vocabulary/core/sede_inail/15200","15200","PADOVA","http://www.w3.org/2001/XMLSchema#integer","1"
"https://w3id.org/italia/work-accident/controlled-vocabulary/core/sede_inail/15300","15300","ROVIGO","http://www.w3.org/2001/XMLSchema#integer","1"
"https://w3id.org/italia/work-accident/controlled-vocabulary/core/sede_inail/15400","15400","TREVISO","http://www.w3.org/2001/XMLSchema#integer","1"
"https://w3id.org/italia/work-accident/controlled-vocabulary/core/sede_inail/15401","15401","CONEGLIANO (TV)","http://www.w3.org/2001/XMLSchema#integer","1"
"https://w3id.org/italia/work-accident/controlled-vocabulary/core/sede_inail/15510","15510","VENEZIA TERRAFERMA","http://www.w3.org/2001/XMLSchema#integer","1"
"https://w3id.org/italia/work-accident/controlled-vocabulary/core/sede_inail/15540","15540","SAN DONA' DI PIAVE","http://www.w3.org/2001/XMLSchema#integer","1"
"https://w3id.org/italia/work-accident/controlled-vocabulary/core/sede_inail/15600","15600","VERONA","http://www.w3.org/2001/XMLSchema#integer","1"
"https://w3id.org/italia/work-accident/controlled-vocabulary/core/sede_inail/15640","15640","LEGNAGO (VR)","http://www.w3.org/2001/XMLSchema#integer","1"
"https://w3id.org/italia/work-accident/controlled-vocabulary/core/sede_inail/15700","15700","BASSANO DEL GRAPPA (VI)","http://www.w3.org/2001/XMLSchema#integer","1"
"https://w3id.org/italia/work-accident/controlled-vocabulary/core/sede_inail/15710","15710","VICENZA","http://www.w3.org/2001/XMLSchema#integer","1"
"https://w3id.org/italia/work-accident/controlled-vocabulary/core/sede_inail/15733","15733","SCHIO","http://www.w3.org/2001/XMLSchema#integer","1"
"https://w3id.org/italia/work-accident/controlled-vocabulary/core/sede_inail/16100","16100","GORIZIA","http://www.w3.org/2001/XMLSchema#integer","1"
"https://w3id.org/italia/work-accident/controlled-vocabulary/core/sede_inail/16120","16120","MONFALCONE (GO)","http://www.w3.org/2001/XMLSchema#integer","1"
"https://w3id.org/italia/work-accident/controlled-vocabulary/core/sede_inail/16200","16200","TRIESTE","http://www.w3.org/2001/XMLSchema#integer","1"
"https://w3id.org/italia/work-accident/controlled-vocabulary/core/sede_inail/16300","16300","UDINE","http://www.w3.org/2001/XMLSchema#integer","1"
"https://w3id.org/italia/work-accident/controlled-vocabulary/core/sede_inail/16321","16321","TOLMEZZO","http://www.w3.org/2001/XMLSchema#integer","1"
"https://w3id.org/italia/work-accident/controlled-vocabulary/core/sede_inail/16700","16700","PORDENONE","http://www.w3.org/2001/XMLSchema#integer","1"
"https://w3id.org/italia/work-accident/controlled-vocabulary/core/sede_inail/17100","17100","GENOVA","http://www.w3.org/2001/XMLSchema#integer","1"
"https://w3id.org/italia/work-accident/controlled-vocabulary/core/sede_inail/17160","17160","CHIAVARI","http://www.w3.org/2001/XMLSchema#integer","1"
"https://w3id.org/italia/work-accident/controlled-vocabulary/core/sede_inail/17200","17200","IMPERIA","http://www.w3.org/2001/XMLSchema#integer","1"
"https://w3id.org/italia/work-accident/controlled-vocabulary/core/sede_inail/17300","17300","LA SPEZIA","http://www.w3.org/2001/XMLSchema#integer","1"
"https://w3id.org/italia/work-accident/controlled-vocabulary/core/sede_inail/17400","17400","SAVONA","http://www.w3.org/2001/XMLSchema#integer","1"
"https://w3id.org/italia/work-accident/controlled-vocabulary/core/sede_inail/18100","18100","BOLOGNA","http://www.w3.org/2001/XMLSchema#integer","1"
"https://w3id.org/italia/work-accident/controlled-vocabulary/core/sede_inail/18130","18130","CASALECCHIO DI RENO","http://www.w3.org/2001/XMLSchema#integer","1"
"https://w3id.org/italia/work-accident/controlled-vocabulary/core/sede_inail/18160","18160","IMOLA","http://www.w3.org/2001/XMLSchema#integer","1"
"https://w3id.org/italia/work-accident/controlled-vocabulary/core/sede_inail/18200","18200","FERRARA","http://www.w3.org/2001/XMLSchema#integer","1"
"https://w3id.org/italia/work-accident/controlled-vocabulary/core/sede_inail/18300","18300","FORLI'","http://www.w3.org/2001/XMLSchema#integer","1"
"https://w3id.org/italia/work-accident/controlled-vocabulary/core/sede_inail/18320","18320","RIMINI","http://www.w3.org/2001/XMLSchema#integer","1"
"https://w3id.org/italia/work-accident/controlled-vocabulary/core/sede_inail/18330","18330","CESENA","http://www.w3.org/2001/XMLSchema#integer","1"
"https://w3id.org/italia/work-accident/controlled-vocabulary/core/sede_inail/18400","18400","MODENA","http://www.w3.org/2001/XMLSchema#integer","1"
"https://w3id.org/italia/work-accident/controlled-vocabulary/core/sede_inail/18500","18500","PARMA","http://www.w3.org/2001/XMLSchema#integer","1"
"https://w3id.org/italia/work-accident/controlled-vocabulary/core/sede_inail/18600","18600","PIACENZA","http://www.w3.org/2001/XMLSchema#integer","1"
"https://w3id.org/italia/work-accident/controlled-vocabulary/core/sede_inail/18700","18700","RAVENNA","http://www.w3.org/2001/XMLSchema#integer","1"
"https://w3id.org/italia/work-accident/controlled-vocabulary/core/sede_inail/18730","18730","FAENZA (RA)","http://www.w3.org/2001/XMLSchema#integer","1"
"https://w3id.org/italia/work-accident/controlled-vocabulary/core/sede_inail/18800","18800","REGGIO EMILIA","http://www.w3.org/2001/XMLSchema#integer","1"
"https://w3id.org/italia/work-accident/controlled-vocabulary/core/sede_inail/21100","21100","AREZZO","http://www.w3.org/2001/XMLSchema#integer","1"
"https://w3id.org/italia/work-accident/controlled-vocabulary/core/sede_inail/21200","21200","CARRARA","http://www.w3.org/2001/XMLSchema#integer","1"
"https://w3id.org/italia/work-accident/controlled-vocabulary/core/sede_inail/21300","21300","FIRENZE- PORTE NUOVE","http://www.w3.org/2001/XMLSchema#integer","1"
"https://w3id.org/italia/work-accident/controlled-vocabulary/core/sede_inail/21320","21320","PRATO","http://www.w3.org/2001/XMLSchema#integer","1"
"https://w3id.org/italia/work-accident/controlled-vocabulary/core/sede_inail/21330","21330","EMPOLI (FI)","http://www.w3.org/2001/XMLSchema#integer","1"
"https://w3id.org/italia/work-accident/controlled-vocabulary/core/sede_inail/21400","21400","GROSSETO","http://www.w3.org/2001/XMLSchema#integer","1"
"https://w3id.org/italia/work-accident/controlled-vocabulary/core/sede_inail/21500","21500","LIVORNO","http://www.w3.org/2001/XMLSchema#integer","1"
"https://w3id.org/italia/work-accident/controlled-vocabulary/core/sede_inail/21520","21520","PIOMBINO","http://www.w3.org/2001/XMLSchema#integer","1"
"https://w3id.org/italia/work-accident/controlled-vocabulary/core/sede_inail/21521","21521","PORTOFERRAIO (LI)","http://www.w3.org/2001/XMLSchema#integer","1"
"https://w3id.org/italia/work-accident/controlled-vocabulary/core/sede_inail/21600","21600","LUCCA","http://www.w3.org/2001/XMLSchema#integer","1"
"https://w3id.org/italia/work-accident/controlled-vocabulary/core/sede_inail/21630","21630","VIAREGGIO (LU)","http://www.w3.org/2001/XMLSchema#integer","1"
"https://w3id.org/italia/work-accident/controlled-vocabulary/core/sede_inail/21700","21700","PISA","http://www.w3.org/2001/XMLSchema#integer","1"
"https://w3id.org/italia/work-accident/controlled-vocabulary/core/sede_inail/21730","21730","PONTEDERA (PI)","http://www.w3.org/2001/XMLSchema#integer","1"
"https://w3id.org/italia/work-accident/controlled-vocabulary/core/sede_inail/21800","21800","PISTOIA","http://www.w3.org/2001/XMLSchema#integer","1"
"https://w3id.org/italia/work-accident/controlled-vocabulary/core/sede_inail/21900","21900","SIENA","http://www.w3.org/2001/XMLSchema#integer","1"
"https://w3id.org/italia/work-accident/controlled-vocabulary/core/sede_inail/22100","22100","PERUGIA","http://www.w3.org/2001/XMLSchema#integer","1"
"https://w3id.org/italia/work-accident/controlled-vocabulary/core/sede_inail/22110","22110","FOLIGNO (PG)","http://www.w3.org/2001/XMLSchema#integer","1"
"https://w3id.org/italia/work-accident/controlled-vocabulary/core/sede_inail/22131","22131","CITTA' DI CASTELLO (PG)","http://www.w3.org/2001/XMLSchema#integer","1"
"https://w3id.org/italia/work-accident/controlled-vocabulary/core/sede_inail/22200","22200","TERNI","http://www.w3.org/2001/XMLSchema#integer","1"
"https://w3id.org/italia/work-accident/controlled-vocabulary/core/sede_inail/22230","22230","ORVIETO (TR)","http://www.w3.org/2001/XMLSchema#integer","1"
"https://w3id.org/italia/work-accident/controlled-vocabulary/core/sede_inail/23100","23100","ANCONA","http://www.w3.org/2001/XMLSchema#integer","1"
"https://w3id.org/italia/work-accident/controlled-vocabulary/core/sede_inail/23130","23130","JESI (AN)","http://www.w3.org/2001/XMLSchema#integer","1"
"https://w3id.org/italia/work-accident/controlled-vocabulary/core/sede_inail/23132","23132","FABRIANO (AN)","http://www.w3.org/2001/XMLSchema#integer","1"
"https://w3id.org/italia/work-accident/controlled-vocabulary/core/sede_inail/23133","23133","SENIGALLIA","http://www.w3.org/2001/XMLSchema#integer","1"
"https://w3id.org/italia/work-accident/controlled-vocabulary/core/sede_inail/23200","23200","ASCOLI PICENO","http://www.w3.org/2001/XMLSchema#integer","1"
"https://w3id.org/italia/work-accident/controlled-vocabulary/core/sede_inail/23230","23230","FERMO","http://www.w3.org/2001/XMLSchema#integer","1"
"https://w3id.org/italia/work-accident/controlled-vocabulary/core/sede_inail/23300","23300","MACERATA","http://www.w3.org/2001/XMLSchema#integer","1"
"https://w3id.org/italia/work-accident/controlled-vocabulary/core/sede_inail/23400","23400","PESARO","http://www.w3.org/2001/XMLSchema#integer","1"
"https://w3id.org/italia/work-accident/controlled-vocabulary/core/sede_inail/23401","23401","FANO","http://www.w3.org/2001/XMLSchema#integer","1"
"https://w3id.org/italia/work-accident/controlled-vocabulary/core/sede_inail/24100","24100","FROSINONE","http://www.w3.org/2001/XMLSchema#integer","1"
"https://w3id.org/italia/work-accident/controlled-vocabulary/core/sede_inail/24110","24110","CASSINO (FR)","http://www.w3.org/2001/XMLSchema#integer","1"
"https://w3id.org/italia/work-accident/controlled-vocabulary/core/sede_inail/24200","24200","LATINA","http://www.w3.org/2001/XMLSchema#integer","1"
"https://w3id.org/italia/work-accident/controlled-vocabulary/core/sede_inail/24230","24230","FORMIA (LT)","http://www.w3.org/2001/XMLSchema#integer","1"
"https://w3id.org/italia/work-accident/controlled-vocabulary/core/sede_inail/24300","24300","RIETI","http://www.w3.org/2001/XMLSchema#integer","1"
"https://w3id.org/italia/work-accident/controlled-vocabulary/core/sede_inail/24400","24400","ROMA CENTRO","http://www.w3.org/2001/XMLSchema#integer","1"
"https://w3id.org/italia/work-accident/controlled-vocabulary/core/sede_inail/24401","24401","ROMA AURELIO","http://www.w3.org/2001/XMLSchema#integer","1"
"https://w3id.org/italia/work-accident/controlled-vocabulary/core/sede_inail/24441","24441","ROMA TUSCOLANO","http://www.w3.org/2001/XMLSchema#integer","1"
"https://w3id.org/italia/work-accident/controlled-vocabulary/core/sede_inail/24442","24442","CIVITAVECCHIA (RM)","http://www.w3.org/2001/XMLSchema#integer","1"
"https://w3id.org/italia/work-accident/controlled-vocabulary/core/sede_inail/24443","24443","VELLETRI","http://www.w3.org/2001/XMLSchema#integer","1"
"https://w3id.org/italia/work-accident/controlled-vocabulary/core/sede_inail/24460","24460","TIVOLI","http://www.w3.org/2001/XMLSchema#integer","1"
"https://w3id.org/italia/work-accident/controlled-vocabulary/core/sede_inail/24470","24470","ROMA NOMENTANO","http://www.w3.org/2001/XMLSchema#integer","1"
"https://w3id.org/italia/work-accident/controlled-vocabulary/core/sede_inail/24480","24480","ROMA LAURENTINO","http://www.w3.org/2001/XMLSchema#integer","1"
"https://w3id.org/italia/work-accident/controlled-vocabulary/core/sede_inail/24500","24500","VITERBO","http://www.w3.org/2001/XMLSchema#integer","1"
"https://w3id.org/italia/work-accident/controlled-vocabulary/core/sede_inail/31100","31100","CHIETI","http://www.w3.org/2001/XMLSchema#integer","1"
"https://w3id.org/italia/work-accident/controlled-vocabulary/core/sede_inail/31110","31110","LANCIANO (CH)","http://www.w3.org/2001/XMLSchema#integer","1"
"https://w3id.org/italia/work-accident/controlled-vocabulary/core/sede_inail/31200","31200","L'AQUILA","http://www.w3.org/2001/XMLSchema#integer","1"
"https://w3id.org/italia/work-accident/controlled-vocabulary/core/sede_inail/31210","31210","AVEZZANO (AQ)","http://www.w3.org/2001/XMLSchema#integer","1"
"https://w3id.org/italia/work-accident/controlled-vocabulary/core/sede_inail/31231","31231","SULMONA (AQ)","http://www.w3.org/2001/XMLSchema#integer","1"
"https://w3id.org/italia/work-accident/controlled-vocabulary/core/sede_inail/31300","31300","PESCARA","http://www.w3.org/2001/XMLSchema#integer","1"
"https://w3id.org/italia/work-accident/controlled-vocabulary/core/sede_inail/31400","31400","TERAMO","http://www.w3.org/2001/XMLSchema#integer","1"
"https://w3id.org/italia/work-accident/controlled-vocabulary/core/sede_inail/32100","32100","DIREZIONE REGIONALE MOLISE - SEDE LOCALE DI CAMPOBASSO","http://www.w3.org/2001/XMLSchema#integer","1"
"https://w3id.org/italia/work-accident/controlled-vocabulary/core/sede_inail/32130","32130","TERMOLI (CB)","http://www.w3.org/2001/XMLSchema#integer","1"
"https://w3id.org/italia/work-accident/controlled-vocabulary/core/sede_inail/32200","32200","ISERNIA","http://www.w3.org/2001/XMLSchema#integer","1"
"https://w3id.org/italia/work-accident/controlled-vocabulary/core/sede_inail/33100","33100","AVELLINO","http://www.w3.org/2001/XMLSchema#integer","1"
"https://w3id.org/italia/work-accident/controlled-vocabulary/core/sede_inail/33101","33101","S. ANGELO DEI LOMBARDI (AV)","http://www.w3.org/2001/XMLSchema#integer","1"
"https://w3id.org/italia/work-accident/controlled-vocabulary/core/sede_inail/33200","33200","BENEVENTO","http://www.w3.org/2001/XMLSchema#integer","1"
"https://w3id.org/italia/work-accident/controlled-vocabulary/core/sede_inail/33300","33300","CASERTA","http://www.w3.org/2001/XMLSchema#integer","1"
"https://w3id.org/italia/work-accident/controlled-vocabulary/core/sede_inail/33310","33310","AVERSA (CE)","http://www.w3.org/2001/XMLSchema#integer","1"
"https://w3id.org/italia/work-accident/controlled-vocabulary/core/sede_inail/33400","33400","NAPOLI","http://www.w3.org/2001/XMLSchema#integer","1"
"https://w3id.org/italia/work-accident/controlled-vocabulary/core/sede_inail/33403","33403","NAPOLI VIA DE GASPERI (NA)","http://www.w3.org/2001/XMLSchema#integer","1"
"https://w3id.org/italia/work-accident/controlled-vocabulary/core/sede_inail/33420","33420","CASTELLAMMARE DI STABIA (NA)","http://www.w3.org/2001/XMLSchema#integer","1"
"https://w3id.org/italia/work-accident/controlled-vocabulary/core/sede_inail/33470","33470","NOLA","http://www.w3.org/2001/XMLSchema#integer","1"
"https://w3id.org/italia/work-accident/controlled-vocabulary/core/sede_inail/33500","33500","SALERNO","http://www.w3.org/2001/XMLSchema#integer","1"
"https://w3id.org/italia/work-accident/controlled-vocabulary/core/sede_inail/33530","33530","BATTIPAGLIA (SA)","http://www.w3.org/2001/XMLSchema#integer","1"
"https://w3id.org/italia/work-accident/controlled-vocabulary/core/sede_inail/34100","34100","BARI","http://www.w3.org/2001/XMLSchema#integer","1"
"https://w3id.org/italia/work-accident/controlled-vocabulary/core/sede_inail/34110","34110","BARLETTA","http://www.w3.org/2001/XMLSchema#integer","1"
"https://w3id.org/italia/work-accident/controlled-vocabulary/core/sede_inail/34140","34140","MONOPOLI (BA)","http://www.w3.org/2001/XMLSchema#integer","1"
"https://w3id.org/italia/work-accident/controlled-vocabulary/core/sede_inail/34141","34141","ALTAMURA (BA)","http://www.w3.org/2001/XMLSchema#integer","1"
"https://w3id.org/italia/work-accident/controlled-vocabulary/core/sede_inail/34200","34200","BRINDISI","http://www.w3.org/2001/XMLSchema#integer","1"
"https://w3id.org/italia/work-accident/controlled-vocabulary/core/sede_inail/34300","34300","FOGGIA","http://www.w3.org/2001/XMLSchema#integer","1"
"https://w3id.org/italia/work-accident/controlled-vocabulary/core/sede_inail/34400","34400","LECCE","http://www.w3.org/2001/XMLSchema#integer","1"
"https://w3id.org/italia/work-accident/controlled-vocabulary/core/sede_inail/34402","34402","CASARANO (LE)","http://www.w3.org/2001/XMLSchema#integer","1"
"https://w3id.org/italia/work-accident/controlled-vocabulary/core/sede_inail/34500","34500","TARANTO","http://www.w3.org/2001/XMLSchema#integer","1"
"https://w3id.org/italia/work-accident/controlled-vocabulary/core/sede_inail/35100","35100","MATERA","http://www.w3.org/2001/XMLSchema#integer","1"
"https://w3id.org/italia/work-accident/controlled-vocabulary/core/sede_inail/35200","35200","DIREZIONE REGIONALE BASILICATA - SEDE LOCALE DI POTENZA","http://www.w3.org/2001/XMLSchema#integer","1"
"https://w3id.org/italia/work-accident/controlled-vocabulary/core/sede_inail/35201","35201","MELFI (PZ)","http://www.w3.org/2001/XMLSchema#integer","1"
"https://w3id.org/italia/work-accident/controlled-vocabulary/core/sede_inail/35230","35230","LAGONEGRO (PZ)","http://www.w3.org/2001/XMLSchema#integer","1"
"https://w3id.org/italia/work-accident/controlled-vocabulary/core/sede_inail/36100","36100","CATANZARO","http://www.w3.org/2001/XMLSchema#integer","1"
"https://w3id.org/italia/work-accident/controlled-vocabulary/core/sede_inail/36110","36110","VIBO VALENTIA","http://www.w3.org/2001/XMLSchema#integer","1"
"https://w3id.org/italia/work-accident/controlled-vocabulary/core/sede_inail/36200","36200","COSENZA","http://www.w3.org/2001/XMLSchema#integer","1"
"https://w3id.org/italia/work-accident/controlled-vocabulary/core/sede_inail/36202","36202","CORIGLIANO - ROSSANO","http://www.w3.org/2001/XMLSchema#integer","1"
"https://w3id.org/italia/work-accident/controlled-vocabulary/core/sede_inail/36300","36300","REGGIO CALABRIA","http://www.w3.org/2001/XMLSchema#integer","1"
"https://w3id.org/italia/work-accident/controlled-vocabulary/core/sede_inail/36302","36302","LOCRI (RC)","http://www.w3.org/2001/XMLSchema#integer","1"
"https://w3id.org/italia/work-accident/controlled-vocabulary/core/sede_inail/36303","36303","PALMI","http://www.w3.org/2001/XMLSchema#integer","1"
"https://w3id.org/italia/work-accident/controlled-vocabulary/core/sede_inail/36400","36400","CROTONE","http://www.w3.org/2001/XMLSchema#integer","1"
"https://w3id.org/italia/work-accident/controlled-vocabulary/core/sede_inail/41100","41100","AGRIGENTO","http://www.w3.org/2001/XMLSchema#integer","1"
"https://w3id.org/italia/work-accident/controlled-vocabulary/core/sede_inail/41200","41200","CALTANISSETTA","http://www.w3.org/2001/XMLSchema#integer","1"
"https://w3id.org/italia/work-accident/controlled-vocabulary/core/sede_inail/41300","41300","CATANIA","http://www.w3.org/2001/XMLSchema#integer","1"
"https://w3id.org/italia/work-accident/controlled-vocabulary/core/sede_inail/41302","41302","CALTAGIRONE (CT)","http://www.w3.org/2001/XMLSchema#integer","1"
"https://w3id.org/italia/work-accident/controlled-vocabulary/core/sede_inail/41400","41400","ENNA","http://www.w3.org/2001/XMLSchema#integer","1"
"https://w3id.org/italia/work-accident/controlled-vocabulary/core/sede_inail/41500","41500","MESSINA","http://www.w3.org/2001/XMLSchema#integer","1"
"https://w3id.org/italia/work-accident/controlled-vocabulary/core/sede_inail/41520","41520","MILAZZO","http://www.w3.org/2001/XMLSchema#integer","1"
"https://w3id.org/italia/work-accident/controlled-vocabulary/core/sede_inail/41600","41600","PALERMO DEL FANTE","http://www.w3.org/2001/XMLSchema#integer","1"
"https://w3id.org/italia/work-accident/controlled-vocabulary/core/sede_inail/41640","41640","PALERMO TITONE","http://www.w3.org/2001/XMLSchema#integer","1"
"https://w3id.org/italia/work-accident/controlled-vocabulary/core/sede_inail/41700","41700","RAGUSA","http://www.w3.org/2001/XMLSchema#integer","1"
"https://w3id.org/italia/work-accident/controlled-vocabulary/core/sede_inail/41800","41800","SIRACUSA","http://www.w3.org/2001/XMLSchema#integer","1"
"https://w3id.org/italia/work-accident/controlled-vocabulary/core/sede_inail/41900","41900","TRAPANI","http://www.w3.org/2001/XMLSchema#integer","1"
"https://w3id.org/italia/work-accident/controlled-vocabulary/core/sede_inail/41901","41901","MAZARA DEL VALLO (TP)","http://www.w3.org/2001/XMLSchema#integer","1"
"https://w3id.org/italia/work-accident/controlled-vocabulary/core/sede_inail/42100","42100","CAGLIARI","http://www.w3.org/2001/XMLSchema#integer","1"
"https://w3id.org/italia/work-accident/controlled-vocabulary/core/sede_inail/42130","42130","CARBONIA","http://www.w3.org/2001/XMLSchema#integer","1"
"https://w3id.org/italia/work-accident/controlled-vocabulary/core/sede_inail/42200","42200","NUORO","http://www.w3.org/2001/XMLSchema#integer","1"
"https://w3id.org/italia/work-accident/controlled-vocabulary/core/sede_inail/42300","42300","SASSARI","http://www.w3.org/2001/XMLSchema#integer","1"
"https://w3id.org/italia/work-accident/controlled-vocabulary/core/sede_inail/42330","42330","OLBIA","http://www.w3.org/2001/XMLSchema#integer","1"
"https://w3id.org/italia/work-accident/controlled-vocabulary/core/sede_inail/42400","42400","ORISTANO","http://www.w3.org/2001/XMLSchema#integer","1"
